,periodo,mes,dia,clase_atropello,clase_caida_ocupante,clase_choque,clase_choque_y_atropello,clase_incendio,clase_otro,clase_volcamiento,fecha,date
0,2014,01,01,13,7,35,0,0,18,1,2014-01-01,2014-01-01
1,2014,01,02,12,7,43,0,0,9,1,2014-01-02,2014-01-02
2,2014,01,03,7,5,67,0,0,13,1,2014-01-03,2014-01-03
3,2014,01,04,11,7,40,0,0,9,1,2014-01-04,2014-01-04
4,2014,01,05,6,5,43,0,0,10,3,2014-01-05,2014-01-05
5,2014,01,06,4,5,23,0,0,9,2,2014-01-06,2014-01-06
6,2014,01,07,10,10,64,0,0,14,2,2014-01-07,2014-01-07
7,2014,01,08,7,17,46,0,0,7,0,2014-01-08,2014-01-08
8,2014,01,09,14,9,57,0,0,3,3,2014-01-09,2014-01-09
9,2014,01,10,8,8,77,0,0,7,0,2014-01-10,2014-01-10
10,2014,01,11,9,18,55,0,0,13,2,2014-01-11,2014-01-11
11,2014,01,12,6,7,48,0,0,6,2,2014-01-12,2014-01-12
12,2014,01,13,15,10,67,0,0,14,3,2014-01-13,2014-01-13
13,2014,01,14,8,12,64,0,0,10,1,2014-01-14,2014-01-14
14,2014,01,15,22,6,77,0,0,10,2,2014-01-15,2014-01-15
15,2014,01,16,13,13,67,0,0,11,3,2014-01-16,2014-01-16
16,2014,01,17,13,6,84,0,0,10,0,2014-01-17,2014-01-17
17,2014,01,18,13,9,70,0,0,13,1,2014-01-18,2014-01-18
18,2014,01,19,6,6,42,0,0,9,1,2014-01-19,2014-01-19
19,2014,01,20,6,14,89,0,0,7,1,2014-01-20,2014-01-20
20,2014,01,21,12,8,70,0,0,13,2,2014-01-21,2014-01-21
21,2014,01,22,10,6,89,0,0,10,5,2014-01-22,2014-01-22
22,2014,01,23,17,5,66,0,1,12,0,2014-01-23,2014-01-23
23,2014,01,24,11,8,84,0,0,8,1,2014-01-24,2014-01-24
24,2014,01,25,8,5,65,0,0,19,0,2014-01-25,2014-01-25
25,2014,01,26,12,11,27,0,0,23,2,2014-01-26,2014-01-26
26,2014,01,27,18,6,98,0,0,14,5,2014-01-27,2014-01-27
27,2014,01,28,19,7,81,0,0,15,7,2014-01-28,2014-01-28
28,2014,01,29,5,9,71,0,0,6,2,2014-01-29,2014-01-29
29,2014,01,30,9,8,59,0,0,22,2,2014-01-30,2014-01-30
30,2014,01,31,18,10,102,0,0,14,0,2014-01-31,2014-01-31
31,2014,02,01,15,9,79,0,0,15,1,2014-02-01,2014-02-01
32,2014,02,02,12,8,33,0,0,9,3,2014-02-02,2014-02-02
33,2014,02,03,15,9,89,0,0,19,0,2014-02-03,2014-02-03
34,2014,02,04,14,8,73,0,0,13,0,2014-02-04,2014-02-04
35,2014,02,05,15,10,74,0,0,11,3,2014-02-05,2014-02-05
36,2014,02,06,15,12,85,0,0,22,5,2014-02-06,2014-02-06
37,2014,02,07,17,10,89,0,0,18,4,2014-02-07,2014-02-07
38,2014,02,08,8,5,70,0,0,6,4,2014-02-08,2014-02-08
39,2014,02,09,14,12,41,0,0,10,1,2014-02-09,2014-02-09
40,2014,02,10,12,18,104,0,0,20,2,2014-02-10,2014-02-10
41,2014,02,11,13,6,86,0,0,12,3,2014-02-11,2014-02-11
42,2014,02,12,14,9,87,0,0,21,2,2014-02-12,2014-02-12
43,2014,02,13,12,15,106,0,0,22,8,2014-02-13,2014-02-13
44,2014,02,14,9,4,74,0,0,23,2,2014-02-14,2014-02-14
45,2014,02,15,13,8,74,0,0,7,3,2014-02-15,2014-02-15
46,2014,02,16,13,7,44,0,0,11,0,2014-02-16,2014-02-16
47,2014,02,17,8,17,84,0,0,12,0,2014-02-17,2014-02-17
48,2014,02,18,15,9,87,0,0,8,2,2014-02-18,2014-02-18
49,2014,02,19,7,8,80,0,0,14,1,2014-02-19,2014-02-19
50,2014,02,20,17,13,82,0,0,7,2,2014-02-20,2014-02-20
51,2014,02,21,13,9,72,0,0,10,0,2014-02-21,2014-02-21
52,2014,02,22,21,9,66,0,0,15,2,2014-02-22,2014-02-22
53,2014,02,23,14,11,46,0,0,11,2,2014-02-23,2014-02-23
54,2014,02,24,11,10,92,0,1,14,1,2014-02-24,2014-02-24
55,2014,02,25,17,11,88,0,0,15,1,2014-02-25,2014-02-25
56,2014,02,26,12,10,63,0,0,13,1,2014-02-26,2014-02-26
57,2014,02,27,10,18,90,0,0,16,5,2014-02-27,2014-02-27
58,2014,02,28,11,9,103,0,0,11,2,2014-02-28,2014-02-28
59,2014,03,01,21,6,85,0,0,14,5,2014-03-01,2014-03-01
60,2014,03,02,11,6,45,0,0,10,3,2014-03-02,2014-03-02
61,2014,03,03,12,7,105,0,0,11,6,2014-03-03,2014-03-03
62,2014,03,04,16,10,94,0,0,10,2,2014-03-04,2014-03-04
63,2014,03,05,15,20,99,0,0,18,4,2014-03-05,2014-03-05
64,2014,03,06,15,8,92,0,0,12,5,2014-03-06,2014-03-06
65,2014,03,07,20,7,92,0,0,15,3,2014-03-07,2014-03-07
66,2014,03,08,9,9,77,0,0,16,3,2014-03-08,2014-03-08
67,2014,03,09,12,10,48,0,0,12,2,2014-03-09,2014-03-09
68,2014,03,10,14,12,82,0,0,13,3,2014-03-10,2014-03-10
69,2014,03,11,20,12,78,0,0,14,3,2014-03-11,2014-03-11
70,2014,03,12,19,18,92,0,0,13,5,2014-03-12,2014-03-12
71,2014,03,13,18,8,78,0,0,12,3,2014-03-13,2014-03-13
72,2014,03,14,14,12,102,0,0,13,0,2014-03-14,2014-03-14
73,2014,03,15,11,21,95,0,0,6,6,2014-03-15,2014-03-15
74,2014,03,16,14,16,48,0,0,8,5,2014-03-16,2014-03-16
75,2014,03,17,13,6,109,0,0,22,4,2014-03-17,2014-03-17
76,2014,03,18,17,8,90,0,0,12,6,2014-03-18,2014-03-18
77,2014,03,19,11,6,87,0,0,15,2,2014-03-19,2014-03-19
78,2014,03,20,18,12,96,0,1,12,6,2014-03-20,2014-03-20
79,2014,03,21,13,12,95,0,0,13,4,2014-03-21,2014-03-21
80,2014,03,22,18,19,65,0,0,4,5,2014-03-22,2014-03-22
81,2014,03,23,16,18,50,0,0,13,2,2014-03-23,2014-03-23
82,2014,03,24,9,23,50,0,0,6,7,2014-03-24,2014-03-24
83,2014,03,25,13,14,99,0,0,11,2,2014-03-25,2014-03-25
84,2014,03,26,12,11,78,0,0,16,3,2014-03-26,2014-03-26
85,2014,03,27,13,10,81,0,0,8,1,2014-03-27,2014-03-27
86,2014,03,28,20,16,103,0,0,8,3,2014-03-28,2014-03-28
87,2014,03,29,19,14,77,0,0,14,4,2014-03-29,2014-03-29
88,2014,03,30,8,17,62,0,0,9,2,2014-03-30,2014-03-30
89,2014,03,31,15,12,85,0,0,6,4,2014-03-31,2014-03-31
90,2014,04,01,15,21,78,0,0,8,5,2014-04-01,2014-04-01
91,2014,04,02,16,16,78,0,0,7,0,2014-04-02,2014-04-02
92,2014,04,03,11,30,92,0,0,8,4,2014-04-03,2014-04-03
93,2014,04,04,20,13,85,0,1,16,3,2014-04-04,2014-04-04
94,2014,04,05,14,16,98,0,0,12,2,2014-04-05,2014-04-05
95,2014,04,06,11,6,50,0,0,6,2,2014-04-06,2014-04-06
96,2014,04,07,21,11,93,0,0,7,2,2014-04-07,2014-04-07
97,2014,04,08,17,16,104,0,0,8,0,2014-04-08,2014-04-08
98,2014,04,09,20,16,83,0,0,7,4,2014-04-09,2014-04-09
99,2014,04,10,12,7,94,0,0,14,7,2014-04-10,2014-04-10
100,2014,04,11,18,12,98,0,0,8,2,2014-04-11,2014-04-11
101,2014,04,12,15,15,92,0,0,10,3,2014-04-12,2014-04-12
102,2014,04,13,15,15,48,0,0,8,3,2014-04-13,2014-04-13
103,2014,04,14,7,8,80,0,0,12,1,2014-04-14,2014-04-14
104,2014,04,15,15,11,86,0,0,18,4,2014-04-15,2014-04-15
105,2014,04,16,15,12,69,0,0,21,5,2014-04-16,2014-04-16
106,2014,04,17,8,8,34,0,0,10,1,2014-04-17,2014-04-17
107,2014,04,18,10,2,28,0,0,9,2,2014-04-18,2014-04-18
108,2014,04,19,7,4,34,0,0,6,2,2014-04-19,2014-04-19
109,2014,04,20,10,2,46,0,0,9,3,2014-04-20,2014-04-20
110,2014,04,21,5,15,82,0,0,10,5,2014-04-21,2014-04-21
111,2014,04,22,11,12,49,0,0,17,3,2014-04-22,2014-04-22
112,2014,04,23,11,11,90,0,0,18,1,2014-04-23,2014-04-23
113,2014,04,24,12,25,83,0,0,13,1,2014-04-24,2014-04-24
114,2014,04,25,7,13,91,0,0,11,5,2014-04-25,2014-04-25
115,2014,04,26,12,13,77,0,0,11,3,2014-04-26,2014-04-26
116,2014,04,27,16,13,44,0,0,8,2,2014-04-27,2014-04-27
117,2014,04,28,17,17,94,0,0,11,2,2014-04-28,2014-04-28
118,2014,04,29,11,14,74,0,0,8,1,2014-04-29,2014-04-29
119,2014,04,30,13,19,86,0,0,9,1,2014-04-30,2014-04-30
120,2014,05,01,10,20,50,0,0,5,1,2014-05-01,2014-05-01
121,2014,05,02,20,14,87,0,0,15,5,2014-05-02,2014-05-02
122,2014,05,03,8,19,86,0,0,6,3,2014-05-03,2014-05-03
123,2014,05,04,17,11,32,0,0,16,4,2014-05-04,2014-05-04
124,2014,05,05,14,11,88,0,0,11,2,2014-05-05,2014-05-05
125,2014,05,06,10,15,67,0,0,15,4,2014-05-06,2014-05-06
126,2014,05,07,12,14,92,0,0,13,2,2014-05-07,2014-05-07
127,2014,05,08,7,13,83,0,0,13,2,2014-05-08,2014-05-08
128,2014,05,09,8,16,77,0,0,7,6,2014-05-09,2014-05-09
129,2014,05,10,17,5,85,0,0,11,3,2014-05-10,2014-05-10
130,2014,05,11,11,12,66,0,0,6,2,2014-05-11,2014-05-11
131,2014,05,12,12,9,85,0,0,9,2,2014-05-12,2014-05-12
132,2014,05,13,10,12,87,0,0,16,3,2014-05-13,2014-05-13
133,2014,05,14,10,10,90,0,0,10,3,2014-05-14,2014-05-14
134,2014,05,15,16,11,70,0,0,15,2,2014-05-15,2014-05-15
135,2014,05,16,16,10,90,0,0,9,1,2014-05-16,2014-05-16
136,2014,05,17,13,18,81,0,0,9,11,2014-05-17,2014-05-17
137,2014,05,18,9,12,46,0,0,12,2,2014-05-18,2014-05-18
138,2014,05,19,16,10,106,0,0,22,3,2014-05-19,2014-05-19
139,2014,05,20,4,5,84,0,0,11,3,2014-05-20,2014-05-20
140,2014,05,21,16,17,80,0,0,23,5,2014-05-21,2014-05-21
141,2014,05,22,11,19,85,0,0,13,3,2014-05-22,2014-05-22
142,2014,05,23,8,15,87,0,0,17,0,2014-05-23,2014-05-23
143,2014,05,24,21,10,79,0,0,10,1,2014-05-24,2014-05-24
144,2014,05,25,14,13,57,0,0,9,1,2014-05-25,2014-05-25
145,2014,05,26,15,17,83,0,0,11,1,2014-05-26,2014-05-26
146,2014,05,27,15,11,71,0,0,16,1,2014-05-27,2014-05-27
147,2014,05,28,15,10,82,0,0,13,3,2014-05-28,2014-05-28
148,2014,05,29,11,8,78,0,0,14,0,2014-05-29,2014-05-29
149,2014,05,30,14,8,109,0,0,15,1,2014-05-30,2014-05-30
150,2014,05,31,15,12,74,0,0,13,2,2014-05-31,2014-05-31
151,2014,06,01,12,7,46,0,0,15,1,2014-06-01,2014-06-01
152,2014,06,02,6,9,38,0,0,12,5,2014-06-02,2014-06-02
153,2014,06,03,18,16,108,0,0,23,3,2014-06-03,2014-06-03
154,2014,06,04,14,12,84,0,0,16,1,2014-06-04,2014-06-04
155,2014,06,05,16,13,86,0,0,18,3,2014-06-05,2014-06-05
156,2014,06,06,16,14,100,0,0,11,0,2014-06-06,2014-06-06
157,2014,06,07,21,22,86,0,0,10,2,2014-06-07,2014-06-07
158,2014,06,08,17,10,49,0,0,8,2,2014-06-08,2014-06-08
159,2014,06,09,12,17,80,0,0,15,2,2014-06-09,2014-06-09
160,2014,06,10,14,12,71,0,0,12,3,2014-06-10,2014-06-10
161,2014,06,11,18,13,88,0,0,14,1,2014-06-11,2014-06-11
162,2014,06,12,8,9,71,0,0,14,4,2014-06-12,2014-06-12
163,2014,06,13,20,10,83,0,0,5,3,2014-06-13,2014-06-13
164,2014,06,14,20,15,85,0,0,15,5,2014-06-14,2014-06-14
165,2014,06,15,12,13,52,0,0,13,1,2014-06-15,2014-06-15
166,2014,06,16,16,9,73,0,0,12,7,2014-06-16,2014-06-16
167,2014,06,17,11,13,72,0,0,10,2,2014-06-17,2014-06-17
168,2014,06,18,16,14,81,0,0,10,2,2014-06-18,2014-06-18
169,2014,06,19,21,14,71,0,0,16,2,2014-06-19,2014-06-19
170,2014,06,20,11,10,77,0,0,14,2,2014-06-20,2014-06-20
171,2014,06,21,9,6,83,0,0,7,8,2014-06-21,2014-06-21
172,2014,06,22,14,15,48,0,0,11,5,2014-06-22,2014-06-22
173,2014,06,23,8,9,34,0,0,5,4,2014-06-23,2014-06-23
174,2014,06,24,6,17,87,0,0,10,2,2014-06-24,2014-06-24
175,2014,06,25,14,10,104,0,0,16,5,2014-06-25,2014-06-25
176,2014,06,26,13,14,76,0,0,8,2,2014-06-26,2014-06-26
177,2014,06,27,9,14,87,0,0,6,2,2014-06-27,2014-06-27
178,2014,06,28,12,14,75,0,0,7,3,2014-06-28,2014-06-28
179,2014,06,29,18,5,47,0,0,14,2,2014-06-29,2014-06-29
180,2014,06,30,11,10,43,0,0,8,1,2014-06-30,2014-06-30
181,2014,07,01,18,7,81,0,0,15,3,2014-07-01,2014-07-01
182,2014,07,02,15,12,84,0,0,12,1,2014-07-02,2014-07-02
183,2014,07,03,11,13,98,0,0,14,4,2014-07-03,2014-07-03
184,2014,07,04,17,13,77,0,0,14,1,2014-07-04,2014-07-04
185,2014,07,05,25,19,64,0,0,7,3,2014-07-05,2014-07-05
186,2014,07,06,14,10,42,0,0,11,0,2014-07-06,2014-07-06
187,2014,07,07,10,15,103,0,0,22,7,2014-07-07,2014-07-07
188,2014,07,08,7,11,80,0,0,14,3,2014-07-08,2014-07-08
189,2014,07,09,15,9,80,0,0,10,3,2014-07-09,2014-07-09
190,2014,07,10,12,10,80,0,0,13,3,2014-07-10,2014-07-10
191,2014,07,11,19,4,61,0,0,8,4,2014-07-11,2014-07-11
192,2014,07,12,15,7,65,0,0,11,1,2014-07-12,2014-07-12
193,2014,07,13,10,15,38,0,0,3,0,2014-07-13,2014-07-13
194,2014,07,14,13,18,90,0,0,10,6,2014-07-14,2014-07-14
195,2014,07,15,14,19,83,0,0,15,5,2014-07-15,2014-07-15
196,2014,07,16,12,12,82,0,0,13,4,2014-07-16,2014-07-16
197,2014,07,17,8,6,77,0,0,15,3,2014-07-17,2014-07-17
198,2014,07,18,16,10,70,0,0,19,5,2014-07-18,2014-07-18
199,2014,07,19,19,13,69,0,0,21,1,2014-07-19,2014-07-19
200,2014,07,20,14,11,40,0,1,13,2,2014-07-20,2014-07-20
201,2014,07,21,16,14,84,0,0,12,3,2014-07-21,2014-07-21
202,2014,07,22,8,15,85,0,0,17,0,2014-07-22,2014-07-22
203,2014,07,23,18,16,80,0,0,12,5,2014-07-23,2014-07-23
204,2014,07,24,13,12,76,0,0,15,2,2014-07-24,2014-07-24
205,2014,07,25,16,14,86,0,0,8,3,2014-07-25,2014-07-25
206,2014,07,26,21,13,76,0,0,16,6,2014-07-26,2014-07-26
207,2014,07,27,14,7,29,0,0,11,4,2014-07-27,2014-07-27
208,2014,07,28,18,13,99,0,0,11,2,2014-07-28,2014-07-28
209,2014,07,29,12,6,79,0,0,9,2,2014-07-29,2014-07-29
210,2014,07,30,7,15,83,0,0,14,0,2014-07-30,2014-07-30
211,2014,07,31,21,13,69,0,0,17,1,2014-07-31,2014-07-31
212,2014,08,01,11,6,99,0,0,15,2,2014-08-01,2014-08-01
213,2014,08,02,22,17,65,0,0,17,4,2014-08-02,2014-08-02
214,2014,08,03,14,11,48,0,0,11,3,2014-08-03,2014-08-03
215,2014,08,04,9,17,80,0,0,26,4,2014-08-04,2014-08-04
216,2014,08,05,9,12,98,0,0,17,4,2014-08-05,2014-08-05
217,2014,08,06,23,20,106,0,0,10,4,2014-08-06,2014-08-06
218,2014,08,07,11,12,46,0,0,8,1,2014-08-07,2014-08-07
219,2014,08,08,18,14,101,0,0,18,7,2014-08-08,2014-08-08
220,2014,08,09,17,8,79,0,0,4,4,2014-08-09,2014-08-09
221,2014,08,10,23,6,49,0,0,10,2,2014-08-10,2014-08-10
222,2014,08,11,4,14,78,0,0,17,2,2014-08-11,2014-08-11
223,2014,08,12,12,12,69,0,0,15,2,2014-08-12,2014-08-12
224,2014,08,13,13,20,73,0,0,15,5,2014-08-13,2014-08-13
225,2014,08,14,21,13,84,0,0,14,5,2014-08-14,2014-08-14
226,2014,08,15,19,20,99,0,0,10,1,2014-08-15,2014-08-15
227,2014,08,16,12,15,78,0,0,8,2,2014-08-16,2014-08-16
228,2014,08,17,16,7,38,0,0,4,3,2014-08-17,2014-08-17
229,2014,08,18,12,16,25,0,0,5,1,2014-08-18,2014-08-18
230,2014,08,19,13,11,71,0,0,14,4,2014-08-19,2014-08-19
231,2014,08,20,10,9,79,0,0,17,4,2014-08-20,2014-08-20
232,2014,08,21,9,12,73,0,0,14,0,2014-08-21,2014-08-21
233,2014,08,22,12,4,78,0,0,17,2,2014-08-22,2014-08-22
234,2014,08,23,21,14,73,0,0,22,3,2014-08-23,2014-08-23
235,2014,08,24,16,8,36,0,0,16,0,2014-08-24,2014-08-24
236,2014,08,25,5,12,80,0,0,21,3,2014-08-25,2014-08-25
237,2014,08,26,14,13,87,0,0,16,2,2014-08-26,2014-08-26
238,2014,08,27,5,8,63,0,0,14,3,2014-08-27,2014-08-27
239,2014,08,28,11,10,97,0,0,14,4,2014-08-28,2014-08-28
240,2014,08,29,18,10,76,0,0,16,4,2014-08-29,2014-08-29
241,2014,08,30,13,12,75,0,0,12,5,2014-08-30,2014-08-30
242,2014,08,31,13,14,46,0,0,10,3,2014-08-31,2014-08-31
243,2014,09,01,16,15,70,0,0,11,3,2014-09-01,2014-09-01
244,2014,09,02,7,3,61,0,0,10,2,2014-09-02,2014-09-02
245,2014,09,03,21,14,80,0,0,7,1,2014-09-03,2014-09-03
246,2014,09,04,6,13,73,0,0,13,9,2014-09-04,2014-09-04
247,2014,09,05,11,9,98,0,0,16,3,2014-09-05,2014-09-05
248,2014,09,06,15,10,68,0,0,9,3,2014-09-06,2014-09-06
249,2014,09,07,9,5,41,0,0,13,2,2014-09-07,2014-09-07
250,2014,09,08,9,8,90,0,0,18,0,2014-09-08,2014-09-08
251,2014,09,09,18,11,75,0,0,10,2,2014-09-09,2014-09-09
252,2014,09,10,15,15,76,0,0,16,9,2014-09-10,2014-09-10
253,2014,09,11,9,20,93,0,0,26,7,2014-09-11,2014-09-11
254,2014,09,12,17,9,94,0,0,14,2,2014-09-12,2014-09-12
255,2014,09,13,15,11,71,0,0,7,2,2014-09-13,2014-09-13
256,2014,09,14,15,9,47,0,0,13,2,2014-09-14,2014-09-14
257,2014,09,15,15,16,80,0,0,8,1,2014-09-15,2014-09-15
258,2014,09,16,14,16,80,0,0,13,7,2014-09-16,2014-09-16
259,2014,09,17,18,11,102,0,0,11,0,2014-09-17,2014-09-17
260,2014,09,18,20,19,84,0,0,22,4,2014-09-18,2014-09-18
261,2014,09,19,16,11,91,0,0,10,1,2014-09-19,2014-09-19
262,2014,09,20,6,12,86,0,1,10,2,2014-09-20,2014-09-20
263,2014,09,21,16,10,56,0,1,9,5,2014-09-21,2014-09-21
264,2014,09,22,6,30,72,0,0,8,1,2014-09-22,2014-09-22
265,2014,09,23,13,14,84,0,0,9,3,2014-09-23,2014-09-23
266,2014,09,24,10,12,71,0,0,11,1,2014-09-24,2014-09-24
267,2014,09,25,14,13,78,0,1,11,2,2014-09-25,2014-09-25
268,2014,09,26,10,17,86,0,0,18,2,2014-09-26,2014-09-26
269,2014,09,27,18,9,68,0,0,13,3,2014-09-27,2014-09-27
270,2014,09,28,9,11,39,0,0,9,2,2014-09-28,2014-09-28
271,2014,09,29,15,11,80,0,0,17,2,2014-09-29,2014-09-29
272,2014,09,30,12,16,103,0,0,13,0,2014-09-30,2014-09-30
273,2014,10,01,14,16,72,0,0,5,5,2014-10-01,2014-10-01
274,2014,10,02,18,13,67,0,0,8,1,2014-10-02,2014-10-02
275,2014,10,03,14,10,82,0,0,10,3,2014-10-03,2014-10-03
276,2014,10,04,17,9,91,0,0,9,3,2014-10-04,2014-10-04
277,2014,10,05,5,12,65,0,0,18,3,2014-10-05,2014-10-05
278,2014,10,06,8,11,77,0,0,13,1,2014-10-06,2014-10-06
279,2014,10,07,14,5,73,0,0,13,3,2014-10-07,2014-10-07
280,2014,10,08,8,14,67,0,0,5,1,2014-10-08,2014-10-08
281,2014,10,09,10,13,81,0,0,13,0,2014-10-09,2014-10-09
282,2014,10,10,11,5,83,0,0,8,1,2014-10-10,2014-10-10
283,2014,10,11,13,14,75,0,0,7,5,2014-10-11,2014-10-11
284,2014,10,12,9,8,30,0,0,7,3,2014-10-12,2014-10-12
285,2014,10,13,8,10,38,0,0,12,0,2014-10-13,2014-10-13
286,2014,10,14,10,9,99,0,0,22,0,2014-10-14,2014-10-14
287,2014,10,15,13,4,74,0,0,20,2,2014-10-15,2014-10-15
288,2014,10,16,13,10,69,0,0,10,3,2014-10-16,2014-10-16
289,2014,10,17,14,10,79,0,0,17,4,2014-10-17,2014-10-17
290,2014,10,18,28,8,60,0,0,6,3,2014-10-18,2014-10-18
291,2014,10,19,16,7,44,0,0,13,2,2014-10-19,2014-10-19
292,2014,10,20,10,14,63,0,0,12,0,2014-10-20,2014-10-20
293,2014,10,21,15,15,75,0,0,8,2,2014-10-21,2014-10-21
294,2014,10,22,13,12,96,0,0,21,1,2014-10-22,2014-10-22
295,2014,10,23,10,10,79,0,0,21,2,2014-10-23,2014-10-23
296,2014,10,24,13,12,68,0,0,16,5,2014-10-24,2014-10-24
297,2014,10,25,14,9,87,0,0,13,2,2014-10-25,2014-10-25
298,2014,10,26,9,6,51,0,0,13,3,2014-10-26,2014-10-26
299,2014,10,27,8,10,76,0,0,10,3,2014-10-27,2014-10-27
300,2014,10,28,18,6,72,0,0,16,2,2014-10-28,2014-10-28
301,2014,10,29,11,7,104,0,0,13,2,2014-10-29,2014-10-29
302,2014,10,30,8,12,92,0,0,16,2,2014-10-30,2014-10-30
303,2014,10,31,17,7,83,0,0,12,6,2014-10-31,2014-10-31
304,2014,11,01,13,7,78,0,0,13,3,2014-11-01,2014-11-01
305,2014,11,02,9,9,39,0,0,12,1,2014-11-02,2014-11-02
306,2014,11,03,8,6,36,0,0,16,3,2014-11-03,2014-11-03
307,2014,11,04,10,13,78,0,0,10,2,2014-11-04,2014-11-04
308,2014,11,05,17,15,78,0,0,15,3,2014-11-05,2014-11-05
309,2014,11,06,5,15,82,0,0,12,2,2014-11-06,2014-11-06
310,2014,11,07,20,7,88,0,0,14,4,2014-11-07,2014-11-07
311,2014,11,08,16,8,64,0,0,15,3,2014-11-08,2014-11-08
312,2014,11,09,8,8,44,0,0,8,3,2014-11-09,2014-11-09
313,2014,11,10,7,16,81,0,0,17,4,2014-11-10,2014-11-10
314,2014,11,11,6,15,72,0,0,21,3,2014-11-11,2014-11-11
315,2014,11,12,7,8,90,0,0,12,4,2014-11-12,2014-11-12
316,2014,11,13,8,12,61,0,0,18,2,2014-11-13,2014-11-13
317,2014,11,14,10,6,97,0,0,8,7,2014-11-14,2014-11-14
318,2014,11,15,21,6,95,0,0,13,2,2014-11-15,2014-11-15
319,2014,11,16,7,11,49,0,0,7,3,2014-11-16,2014-11-16
320,2014,11,17,11,11,38,0,0,16,1,2014-11-17,2014-11-17
321,2014,11,18,7,11,70,0,0,16,3,2014-11-18,2014-11-18
322,2014,11,19,11,15,84,0,0,6,5,2014-11-19,2014-11-19
323,2014,11,20,12,13,74,0,0,12,2,2014-11-20,2014-11-20
324,2014,11,21,15,19,92,0,0,10,1,2014-11-21,2014-11-21
325,2014,11,22,13,12,78,0,0,12,3,2014-11-22,2014-11-22
326,2014,11,23,18,13,45,0,0,2,3,2014-11-23,2014-11-23
327,2014,11,24,12,18,71,0,0,14,3,2014-11-24,2014-11-24
328,2014,11,25,19,10,86,0,0,19,4,2014-11-25,2014-11-25
329,2014,11,26,13,5,74,0,0,19,5,2014-11-26,2014-11-26
330,2014,11,27,16,15,91,0,0,12,4,2014-11-27,2014-11-27
331,2014,11,28,13,3,106,0,0,9,0,2014-11-28,2014-11-28
332,2014,11,29,13,7,77,0,0,15,4,2014-11-29,2014-11-29
333,2014,11,30,16,8,51,0,0,5,1,2014-11-30,2014-11-30
334,2014,12,01,11,16,92,0,0,11,0,2014-12-01,2014-12-01
335,2014,12,02,8,13,89,0,0,7,0,2014-12-02,2014-12-02
336,2014,12,03,13,13,91,0,0,15,4,2014-12-03,2014-12-03
337,2014,12,04,15,8,71,0,0,13,1,2014-12-04,2014-12-04
338,2014,12,05,11,17,100,0,0,13,5,2014-12-05,2014-12-05
339,2014,12,06,13,11,90,0,0,8,1,2014-12-06,2014-12-06
340,2014,12,07,15,14,54,0,0,14,0,2014-12-07,2014-12-07
341,2014,12,08,9,9,42,0,0,10,10,2014-12-08,2014-12-08
342,2014,12,09,14,13,85,0,0,20,4,2014-12-09,2014-12-09
343,2014,12,10,11,6,73,0,0,16,2,2014-12-10,2014-12-10
344,2014,12,11,9,13,85,0,0,13,0,2014-12-11,2014-12-11
345,2014,12,12,7,18,85,0,0,17,3,2014-12-12,2014-12-12
346,2014,12,13,14,14,62,0,0,7,2,2014-12-13,2014-12-13
347,2014,12,14,18,6,57,0,0,11,0,2014-12-14,2014-12-14
348,2014,12,15,16,8,78,0,0,8,2,2014-12-15,2014-12-15
349,2014,12,16,11,11,94,0,0,16,2,2014-12-16,2014-12-16
350,2014,12,17,15,12,86,0,0,12,3,2014-12-17,2014-12-17
351,2014,12,18,15,14,91,0,0,14,3,2014-12-18,2014-12-18
352,2014,12,19,13,11,84,0,0,16,1,2014-12-19,2014-12-19
353,2014,12,20,11,12,75,0,0,11,2,2014-12-20,2014-12-20
354,2014,12,21,17,18,58,0,0,7,1,2014-12-21,2014-12-21
355,2014,12,22,14,9,96,0,0,15,4,2014-12-22,2014-12-22
356,2014,12,23,9,7,101,0,0,13,4,2014-12-23,2014-12-23
357,2014,12,24,15,2,74,0,0,14,1,2014-12-24,2014-12-24
358,2014,12,25,17,7,36,0,0,15,2,2014-12-25,2014-12-25
359,2014,12,26,18,4,74,0,0,13,3,2014-12-26,2014-12-26
360,2014,12,27,9,12,54,0,0,14,1,2014-12-27,2014-12-27
361,2014,12,28,10,5,39,0,0,10,2,2014-12-28,2014-12-28
362,2014,12,29,9,6,86,0,0,11,7,2014-12-29,2014-12-29
363,2014,12,30,12,9,76,0,0,13,2,2014-12-30,2014-12-30
364,2014,12,31,16,6,50,0,0,6,1,2014-12-31,2014-12-31
365,2015,01,01,26,10,20,0,0,7,3,2015-01-01,2015-01-01
366,2015,01,02,10,8,42,0,0,9,3,2015-01-02,2015-01-02
367,2015,01,03,11,11,41,0,0,7,1,2015-01-03,2015-01-03
368,2015,01,04,8,11,30,0,0,5,1,2015-01-04,2015-01-04
369,2015,01,05,8,3,52,0,0,6,6,2015-01-05,2015-01-05
370,2015,01,06,12,4,69,0,0,9,4,2015-01-06,2015-01-06
371,2015,01,07,14,5,53,0,0,9,1,2015-01-07,2015-01-07
372,2015,01,08,7,4,55,0,0,9,5,2015-01-08,2015-01-08
373,2015,01,09,16,14,58,0,0,7,3,2015-01-09,2015-01-09
374,2015,01,10,18,9,55,0,0,4,2,2015-01-10,2015-01-10
375,2015,01,11,10,6,36,0,0,8,2,2015-01-11,2015-01-11
376,2015,01,12,7,12,30,0,0,6,3,2015-01-12,2015-01-12
377,2015,01,13,15,10,98,0,0,30,5,2015-01-13,2015-01-13
378,2015,01,14,10,11,70,0,0,9,2,2015-01-14,2015-01-14
379,2015,01,15,10,11,61,0,0,6,7,2015-01-15,2015-01-15
380,2015,01,16,16,12,63,0,0,12,4,2015-01-16,2015-01-16
381,2015,01,17,9,14,57,0,0,24,2,2015-01-17,2015-01-17
382,2015,01,18,12,8,41,0,0,2,2,2015-01-18,2015-01-18
383,2015,01,19,8,14,71,0,0,5,1,2015-01-19,2015-01-19
384,2015,01,20,11,11,92,0,0,18,6,2015-01-20,2015-01-20
385,2015,01,21,13,16,77,0,0,16,4,2015-01-21,2015-01-21
386,2015,01,22,12,8,86,0,0,28,3,2015-01-22,2015-01-22
387,2015,01,23,8,8,68,0,0,18,2,2015-01-23,2015-01-23
388,2015,01,24,16,9,64,0,0,7,3,2015-01-24,2015-01-24
389,2015,01,25,19,13,36,0,0,8,1,2015-01-25,2015-01-25
390,2015,01,26,10,12,63,0,0,14,3,2015-01-26,2015-01-26
391,2015,01,27,11,11,73,0,0,18,8,2015-01-27,2015-01-27
392,2015,01,28,7,7,73,0,0,7,1,2015-01-28,2015-01-28
393,2015,01,29,15,10,83,0,0,9,2,2015-01-29,2015-01-29
394,2015,01,30,7,5,65,0,0,11,4,2015-01-30,2015-01-30
395,2015,01,31,15,5,76,0,0,5,2,2015-01-31,2015-01-31
396,2015,02,01,11,7,48,0,0,6,4,2015-02-01,2015-02-01
397,2015,02,02,17,12,82,0,0,11,6,2015-02-02,2015-02-02
398,2015,02,03,17,14,92,0,0,13,1,2015-02-03,2015-02-03
399,2015,02,04,10,11,68,0,0,8,2,2015-02-04,2015-02-04
400,2015,02,05,13,21,83,0,0,18,0,2015-02-05,2015-02-05
401,2015,02,06,13,16,96,0,0,16,2,2015-02-06,2015-02-06
402,2015,02,07,11,11,66,0,0,12,5,2015-02-07,2015-02-07
403,2015,02,08,14,7,54,0,0,17,3,2015-02-08,2015-02-08
404,2015,02,09,16,10,81,0,0,28,5,2015-02-09,2015-02-09
405,2015,02,10,7,13,102,0,0,13,2,2015-02-10,2015-02-10
406,2015,02,11,17,7,67,0,0,8,2,2015-02-11,2015-02-11
407,2015,02,12,12,10,89,0,0,10,5,2015-02-12,2015-02-12
408,2015,02,13,11,10,101,0,0,11,3,2015-02-13,2015-02-13
409,2015,02,14,10,13,69,0,0,7,3,2015-02-14,2015-02-14
410,2015,02,15,11,2,61,0,0,14,4,2015-02-15,2015-02-15
411,2015,02,16,19,6,93,0,0,8,3,2015-02-16,2015-02-16
412,2015,02,17,9,7,96,0,0,11,5,2015-02-17,2015-02-17
413,2015,02,18,16,9,78,0,0,9,6,2015-02-18,2015-02-18
414,2015,02,19,15,5,97,0,0,18,2,2015-02-19,2015-02-19
415,2015,02,20,10,13,91,0,0,17,3,2015-02-20,2015-02-20
416,2015,02,21,15,6,67,0,0,7,12,2015-02-21,2015-02-21
417,2015,02,22,5,7,49,0,0,5,1,2015-02-22,2015-02-22
418,2015,02,23,14,6,80,0,0,11,2,2015-02-23,2015-02-23
419,2015,02,24,10,13,89,0,0,10,1,2015-02-24,2015-02-24
420,2015,02,25,20,8,79,0,0,13,2,2015-02-25,2015-02-25
421,2015,02,26,11,7,88,0,0,13,3,2015-02-26,2015-02-26
422,2015,02,27,16,7,89,0,0,6,6,2015-02-27,2015-02-27
423,2015,02,28,14,11,70,0,0,13,7,2015-02-28,2015-02-28
424,2015,03,01,15,7,58,0,0,18,4,2015-03-01,2015-03-01
425,2015,03,02,15,12,81,0,0,12,1,2015-03-02,2015-03-02
426,2015,03,03,14,12,87,0,0,14,3,2015-03-03,2015-03-03
427,2015,03,04,15,11,87,0,0,17,0,2015-03-04,2015-03-04
428,2015,03,05,14,13,83,0,0,13,2,2015-03-05,2015-03-05
429,2015,03,06,23,18,75,0,0,12,1,2015-03-06,2015-03-06
430,2015,03,07,7,16,77,0,0,12,4,2015-03-07,2015-03-07
431,2015,03,08,13,11,55,0,0,13,2,2015-03-08,2015-03-08
432,2015,03,09,10,6,84,0,0,13,4,2015-03-09,2015-03-09
433,2015,03,10,12,12,116,0,0,7,3,2015-03-10,2015-03-10
434,2015,03,11,7,12,74,0,0,7,3,2015-03-11,2015-03-11
435,2015,03,12,14,17,88,0,0,9,6,2015-03-12,2015-03-12
436,2015,03,13,15,6,80,0,0,18,0,2015-03-13,2015-03-13
437,2015,03,14,20,17,72,0,0,6,4,2015-03-14,2015-03-14
438,2015,03,15,19,13,49,0,0,9,4,2015-03-15,2015-03-15
439,2015,03,16,7,16,85,0,0,13,7,2015-03-16,2015-03-16
440,2015,03,17,14,15,89,0,0,4,6,2015-03-17,2015-03-17
441,2015,03,18,10,16,69,0,0,13,3,2015-03-18,2015-03-18
442,2015,03,19,7,18,101,0,0,15,2,2015-03-19,2015-03-19
443,2015,03,20,11,10,96,0,0,7,3,2015-03-20,2015-03-20
444,2015,03,21,15,10,92,0,0,13,4,2015-03-21,2015-03-21
445,2015,03,22,10,10,43,0,0,11,4,2015-03-22,2015-03-22
446,2015,03,23,9,3,46,0,0,14,2,2015-03-23,2015-03-23
447,2015,03,24,13,6,96,0,0,15,3,2015-03-24,2015-03-24
448,2015,03,25,10,11,98,0,0,17,5,2015-03-25,2015-03-25
449,2015,03,26,15,11,74,0,0,14,0,2015-03-26,2015-03-26
450,2015,03,27,13,11,89,0,0,17,4,2015-03-27,2015-03-27
451,2015,03,28,16,13,69,0,0,12,1,2015-03-28,2015-03-28
452,2015,03,29,8,11,38,0,0,11,2,2015-03-29,2015-03-29
453,2015,03,30,9,13,89,0,0,13,2,2015-03-30,2015-03-30
454,2015,03,31,17,10,67,0,0,6,0,2015-03-31,2015-03-31
455,2015,04,01,14,12,78,0,0,10,4,2015-04-01,2015-04-01
456,2015,04,02,10,5,34,0,0,11,3,2015-04-02,2015-04-02
457,2015,04,03,1,4,26,0,0,4,1,2015-04-03,2015-04-03
458,2015,04,04,5,5,49,0,0,13,1,2015-04-04,2015-04-04
459,2015,04,05,6,7,34,0,0,10,2,2015-04-05,2015-04-05
460,2015,04,06,10,5,95,0,0,11,4,2015-04-06,2015-04-06
461,2015,04,07,18,8,69,0,0,8,2,2015-04-07,2015-04-07
462,2015,04,08,8,16,93,0,0,12,5,2015-04-08,2015-04-08
463,2015,04,09,13,7,80,0,0,15,5,2015-04-09,2015-04-09
464,2015,04,10,11,16,100,0,0,11,4,2015-04-10,2015-04-10
465,2015,04,11,14,8,87,0,0,10,3,2015-04-11,2015-04-11
466,2015,04,12,3,5,48,0,0,14,2,2015-04-12,2015-04-12
467,2015,04,13,14,10,91,0,0,14,7,2015-04-13,2015-04-13
468,2015,04,14,11,18,63,0,0,17,2,2015-04-14,2015-04-14
469,2015,04,15,8,17,64,0,0,13,5,2015-04-15,2015-04-15
470,2015,04,16,15,14,91,0,0,15,2,2015-04-16,2015-04-16
471,2015,04,17,8,14,92,0,0,16,10,2015-04-17,2015-04-17
472,2015,04,18,14,12,83,0,0,9,2,2015-04-18,2015-04-18
473,2015,04,19,11,5,33,0,0,5,0,2015-04-19,2015-04-19
474,2015,04,20,14,9,108,0,0,8,2,2015-04-20,2015-04-20
475,2015,04,21,13,12,102,0,0,13,8,2015-04-21,2015-04-21
476,2015,04,22,15,8,68,0,0,10,2,2015-04-22,2015-04-22
477,2015,04,23,14,10,115,0,0,6,3,2015-04-23,2015-04-23
478,2015,04,24,17,13,108,0,0,10,2,2015-04-24,2015-04-24
479,2015,04,25,15,8,76,0,0,8,5,2015-04-25,2015-04-25
480,2015,04,26,12,12,63,0,0,11,0,2015-04-26,2015-04-26
481,2015,04,27,17,5,100,0,0,9,3,2015-04-27,2015-04-27
482,2015,04,28,16,13,96,0,0,14,4,2015-04-28,2015-04-28
483,2015,04,29,14,7,91,0,0,17,4,2015-04-29,2015-04-29
484,2015,04,30,10,11,101,0,0,10,2,2015-04-30,2015-04-30
485,2015,05,01,15,11,51,0,0,5,2,2015-05-01,2015-05-01
486,2015,05,02,13,7,76,0,0,13,3,2015-05-02,2015-05-02
487,2015,05,03,8,12,48,0,0,13,1,2015-05-03,2015-05-03
488,2015,05,04,15,16,79,0,0,25,7,2015-05-04,2015-05-04
489,2015,05,05,8,13,80,0,0,12,0,2015-05-05,2015-05-05
490,2015,05,06,10,23,68,0,0,10,3,2015-05-06,2015-05-06
491,2015,05,07,16,10,106,0,0,9,0,2015-05-07,2015-05-07
492,2015,05,08,14,8,87,0,0,10,2,2015-05-08,2015-05-08
493,2015,05,09,18,11,105,0,0,14,3,2015-05-09,2015-05-09
494,2015,05,10,10,11,71,0,0,12,3,2015-05-10,2015-05-10
495,2015,05,11,14,18,88,0,0,11,7,2015-05-11,2015-05-11
496,2015,05,12,15,15,109,0,0,13,3,2015-05-12,2015-05-12
497,2015,05,13,8,8,96,0,0,9,4,2015-05-13,2015-05-13
498,2015,05,14,10,5,85,0,0,8,4,2015-05-14,2015-05-14
499,2015,05,15,15,12,95,0,0,10,9,2015-05-15,2015-05-15
500,2015,05,16,17,5,95,0,0,13,5,2015-05-16,2015-05-16
501,2015,05,17,16,7,36,0,0,7,3,2015-05-17,2015-05-17
502,2015,05,18,12,7,48,0,0,7,7,2015-05-18,2015-05-18
503,2015,05,19,17,9,96,0,0,11,1,2015-05-19,2015-05-19
504,2015,05,20,14,18,79,0,0,8,1,2015-05-20,2015-05-20
505,2015,05,21,12,16,84,0,0,19,4,2015-05-21,2015-05-21
506,2015,05,22,20,13,96,0,0,18,5,2015-05-22,2015-05-22
507,2015,05,23,15,8,84,0,0,6,3,2015-05-23,2015-05-23
508,2015,05,24,10,8,33,0,0,11,3,2015-05-24,2015-05-24
509,2015,05,25,14,17,80,0,0,21,5,2015-05-25,2015-05-25
510,2015,05,26,16,14,81,0,0,6,2,2015-05-26,2015-05-26
511,2015,05,27,16,10,85,0,0,14,2,2015-05-27,2015-05-27
512,2015,05,28,11,6,85,0,0,15,4,2015-05-28,2015-05-28
513,2015,05,29,13,4,83,0,0,19,4,2015-05-29,2015-05-29
514,2015,05,30,7,8,92,0,0,7,1,2015-05-30,2015-05-30
515,2015,05,31,14,10,52,0,0,13,3,2015-05-31,2015-05-31
516,2015,06,01,12,14,88,0,0,15,3,2015-06-01,2015-06-01
517,2015,06,02,16,9,79,0,0,14,2,2015-06-02,2015-06-02
518,2015,06,03,21,12,104,0,0,15,0,2015-06-03,2015-06-03
519,2015,06,04,10,9,80,0,0,14,3,2015-06-04,2015-06-04
520,2015,06,05,19,10,78,0,0,10,4,2015-06-05,2015-06-05
521,2015,06,06,15,9,100,0,0,10,4,2015-06-06,2015-06-06
522,2015,06,07,13,11,43,0,0,6,6,2015-06-07,2015-06-07
523,2015,06,08,10,11,38,0,0,6,3,2015-06-08,2015-06-08
524,2015,06,09,13,9,89,0,0,14,2,2015-06-09,2015-06-09
525,2015,06,10,11,23,87,0,0,11,4,2015-06-10,2015-06-10
526,2015,06,11,19,5,78,0,0,8,3,2015-06-11,2015-06-11
527,2015,06,12,10,5,98,0,0,10,3,2015-06-12,2015-06-12
528,2015,06,13,9,4,65,0,0,13,1,2015-06-13,2015-06-13
529,2015,06,14,10,6,44,0,0,10,5,2015-06-14,2015-06-14
530,2015,06,15,10,8,37,0,0,16,3,2015-06-15,2015-06-15
531,2015,06,16,9,10,100,0,0,5,3,2015-06-16,2015-06-16
532,2015,06,17,17,6,73,0,0,9,9,2015-06-17,2015-06-17
533,2015,06,18,14,8,78,0,0,10,3,2015-06-18,2015-06-18
534,2015,06,19,15,12,96,0,0,11,2,2015-06-19,2015-06-19
535,2015,06,20,13,19,71,0,0,7,5,2015-06-20,2015-06-20
536,2015,06,21,6,10,48,0,0,7,4,2015-06-21,2015-06-21
537,2015,06,22,7,11,66,0,0,8,2,2015-06-22,2015-06-22
538,2015,06,23,15,15,82,0,0,2,4,2015-06-23,2015-06-23
539,2015,06,24,13,6,92,0,0,12,2,2015-06-24,2015-06-24
540,2015,06,25,12,10,64,0,0,8,5,2015-06-25,2015-06-25
541,2015,06,26,15,14,81,0,0,9,7,2015-06-26,2015-06-26
542,2015,06,27,21,8,71,0,0,8,4,2015-06-27,2015-06-27
543,2015,06,28,7,1,25,0,0,5,0,2015-06-28,2015-06-28
544,2015,06,29,10,8,36,0,0,5,5,2015-06-29,2015-06-29
545,2015,06,30,13,6,95,0,0,8,7,2015-06-30,2015-06-30
546,2015,07,01,10,10,81,0,0,8,2,2015-07-01,2015-07-01
547,2015,07,02,12,7,83,0,0,10,2,2015-07-02,2015-07-02
548,2015,07,03,13,3,75,0,0,12,3,2015-07-03,2015-07-03
549,2015,07,04,21,11,73,0,0,7,3,2015-07-04,2015-07-04
550,2015,07,05,11,4,50,0,0,5,5,2015-07-05,2015-07-05
551,2015,07,06,11,22,93,0,0,7,9,2015-07-06,2015-07-06
552,2015,07,07,18,12,88,0,0,13,3,2015-07-07,2015-07-07
553,2015,07,08,12,8,88,0,0,19,11,2015-07-08,2015-07-08
554,2015,07,09,14,9,87,0,0,8,9,2015-07-09,2015-07-09
555,2015,07,10,18,4,87,0,0,16,6,2015-07-10,2015-07-10
556,2015,07,11,11,10,73,0,0,9,5,2015-07-11,2015-07-11
557,2015,07,12,12,8,53,0,0,16,4,2015-07-12,2015-07-12
558,2015,07,13,9,14,90,0,0,16,7,2015-07-13,2015-07-13
559,2015,07,14,10,11,89,0,0,16,5,2015-07-14,2015-07-14
560,2015,07,15,15,8,87,0,0,31,11,2015-07-15,2015-07-15
561,2015,07,16,9,6,87,0,0,14,9,2015-07-16,2015-07-16
562,2015,07,17,16,9,104,0,0,12,5,2015-07-17,2015-07-17
563,2015,07,18,18,9,81,0,0,9,9,2015-07-18,2015-07-18
564,2015,07,19,8,11,38,0,0,12,8,2015-07-19,2015-07-19
565,2015,07,20,13,6,45,0,0,6,7,2015-07-20,2015-07-20
566,2015,07,21,7,11,102,0,0,8,3,2015-07-21,2015-07-21
567,2015,07,22,9,12,76,0,0,10,3,2015-07-22,2015-07-22
568,2015,07,23,11,4,86,0,0,15,4,2015-07-23,2015-07-23
569,2015,07,24,13,12,85,0,0,12,3,2015-07-24,2015-07-24
570,2015,07,25,16,5,88,0,0,15,2,2015-07-25,2015-07-25
571,2015,07,26,9,8,39,0,0,9,2,2015-07-26,2015-07-26
572,2015,07,27,10,14,95,0,0,8,2,2015-07-27,2015-07-27
573,2015,07,28,5,11,102,0,0,9,9,2015-07-28,2015-07-28
574,2015,07,29,18,12,92,0,0,19,2,2015-07-29,2015-07-29
575,2015,07,30,10,14,82,0,0,14,4,2015-07-30,2015-07-30
576,2015,07,31,13,7,103,0,0,7,3,2015-07-31,2015-07-31
577,2015,08,01,17,4,77,0,0,9,5,2015-08-01,2015-08-01
578,2015,08,02,14,8,62,0,0,8,5,2015-08-02,2015-08-02
579,2015,08,03,10,17,110,0,0,4,3,2015-08-03,2015-08-03
580,2015,08,04,6,8,102,0,0,15,11,2015-08-04,2015-08-04
581,2015,08,05,13,12,110,0,0,8,3,2015-08-05,2015-08-05
582,2015,08,06,14,6,104,0,0,14,3,2015-08-06,2015-08-06
583,2015,08,07,10,9,60,0,0,10,7,2015-08-07,2015-08-07
584,2015,08,08,15,24,85,0,0,6,2,2015-08-08,2015-08-08
585,2015,08,09,15,7,52,0,0,5,3,2015-08-09,2015-08-09
586,2015,08,10,8,15,85,0,0,10,3,2015-08-10,2015-08-10
587,2015,08,11,12,14,91,0,0,10,3,2015-08-11,2015-08-11
588,2015,08,12,18,2,65,0,0,13,5,2015-08-12,2015-08-12
589,2015,08,13,12,12,77,0,0,11,4,2015-08-13,2015-08-13
590,2015,08,14,8,7,107,0,0,13,5,2015-08-14,2015-08-14
591,2015,08,15,15,10,91,0,0,12,3,2015-08-15,2015-08-15
592,2015,08,16,9,16,46,0,0,16,6,2015-08-16,2015-08-16
593,2015,08,17,8,7,44,0,0,12,4,2015-08-17,2015-08-17
594,2015,08,18,11,21,112,0,0,25,14,2015-08-18,2015-08-18
595,2015,08,19,14,9,75,0,0,10,3,2015-08-19,2015-08-19
596,2015,08,20,7,14,86,0,0,8,4,2015-08-20,2015-08-20
597,2015,08,21,5,6,80,0,0,9,8,2015-08-21,2015-08-21
598,2015,08,22,9,12,64,0,0,6,3,2015-08-22,2015-08-22
599,2015,08,23,7,11,37,0,0,13,2,2015-08-23,2015-08-23
600,2015,08,24,12,15,80,0,0,32,5,2015-08-24,2015-08-24
601,2015,08,25,11,16,80,0,0,9,3,2015-08-25,2015-08-25
602,2015,08,26,8,10,86,0,0,15,5,2015-08-26,2015-08-26
603,2015,08,27,20,10,71,0,0,22,4,2015-08-27,2015-08-27
604,2015,08,28,23,24,115,0,0,17,4,2015-08-28,2015-08-28
605,2015,08,29,17,11,94,0,0,8,6,2015-08-29,2015-08-29
606,2015,08,30,11,9,49,0,0,16,4,2015-08-30,2015-08-30
607,2015,08,31,11,18,75,0,0,11,5,2015-08-31,2015-08-31
608,2015,09,01,12,12,88,0,0,11,4,2015-09-01,2015-09-01
609,2015,09,02,10,9,92,0,0,11,7,2015-09-02,2015-09-02
610,2015,09,03,14,9,98,0,0,11,2,2015-09-03,2015-09-03
611,2015,09,04,15,14,110,0,0,7,5,2015-09-04,2015-09-04
612,2015,09,05,15,4,88,0,0,5,1,2015-09-05,2015-09-05
613,2015,09,06,11,4,51,0,0,19,7,2015-09-06,2015-09-06
614,2015,09,07,10,17,98,0,0,8,5,2015-09-07,2015-09-07
615,2015,09,08,14,4,76,0,0,12,3,2015-09-08,2015-09-08
616,2015,09,09,14,7,95,0,0,13,4,2015-09-09,2015-09-09
617,2015,09,10,21,23,82,0,0,18,11,2015-09-10,2015-09-10
618,2015,09,11,9,13,112,0,0,22,6,2015-09-11,2015-09-11
619,2015,09,12,14,8,84,0,0,12,8,2015-09-12,2015-09-12
620,2015,09,13,13,5,55,0,0,16,3,2015-09-13,2015-09-13
621,2015,09,14,18,11,107,0,0,15,2,2015-09-14,2015-09-14
622,2015,09,15,13,10,85,0,0,8,5,2015-09-15,2015-09-15
623,2015,09,16,12,8,92,0,0,13,3,2015-09-16,2015-09-16
624,2015,09,17,13,16,106,0,0,23,2,2015-09-17,2015-09-17
625,2015,09,18,17,14,106,0,0,15,8,2015-09-18,2015-09-18
626,2015,09,19,14,9,89,0,0,12,4,2015-09-19,2015-09-19
627,2015,09,20,9,8,39,0,0,13,3,2015-09-20,2015-09-20
628,2015,09,21,8,8,104,0,0,9,8,2015-09-21,2015-09-21
629,2015,09,22,16,10,77,0,0,8,3,2015-09-22,2015-09-22
630,2015,09,23,10,6,83,0,0,12,3,2015-09-23,2015-09-23
631,2015,09,24,17,14,92,0,0,10,8,2015-09-24,2015-09-24
632,2015,09,25,12,14,83,0,0,5,9,2015-09-25,2015-09-25
633,2015,09,26,12,8,78,0,0,7,4,2015-09-26,2015-09-26
634,2015,09,27,8,6,50,0,0,11,6,2015-09-27,2015-09-27
635,2015,09,28,10,14,89,0,0,9,4,2015-09-28,2015-09-28
636,2015,09,29,12,14,89,0,0,10,0,2015-09-29,2015-09-29
637,2015,09,30,15,15,88,0,0,14,4,2015-09-30,2015-09-30
638,2015,10,01,4,22,94,0,0,21,6,2015-10-01,2015-10-01
639,2015,10,02,18,3,103,0,0,12,2,2015-10-02,2015-10-02
640,2015,10,03,8,10,91,0,0,7,2,2015-10-03,2015-10-03
641,2015,10,04,7,5,53,0,0,14,1,2015-10-04,2015-10-04
642,2015,10,05,12,6,96,0,0,10,3,2015-10-05,2015-10-05
643,2015,10,06,17,11,88,0,0,15,5,2015-10-06,2015-10-06
644,2015,10,07,12,5,86,0,0,11,6,2015-10-07,2015-10-07
645,2015,10,08,12,14,77,0,0,11,3,2015-10-08,2015-10-08
646,2015,10,09,17,8,74,0,0,9,3,2015-10-09,2015-10-09
647,2015,10,10,12,7,92,0,0,13,4,2015-10-10,2015-10-10
648,2015,10,11,10,10,40,0,0,5,11,2015-10-11,2015-10-11
649,2015,10,12,10,8,38,0,1,13,1,2015-10-12,2015-10-12
650,2015,10,13,9,17,100,0,0,21,10,2015-10-13,2015-10-13
651,2015,10,14,15,11,74,0,0,6,2,2015-10-14,2015-10-14
652,2015,10,15,9,17,67,0,0,19,10,2015-10-15,2015-10-15
653,2015,10,16,19,13,88,0,0,15,5,2015-10-16,2015-10-16
654,2015,10,17,17,6,92,0,0,15,3,2015-10-17,2015-10-17
655,2015,10,18,8,9,42,0,0,17,0,2015-10-18,2015-10-18
656,2015,10,19,16,9,103,0,0,11,4,2015-10-19,2015-10-19
657,2015,10,20,8,11,99,0,0,15,7,2015-10-20,2015-10-20
658,2015,10,21,11,9,84,0,0,13,5,2015-10-21,2015-10-21
659,2015,10,22,17,12,76,0,0,12,4,2015-10-22,2015-10-22
660,2015,10,23,8,12,86,0,0,14,2,2015-10-23,2015-10-23
661,2015,10,24,7,5,90,0,0,7,7,2015-10-24,2015-10-24
662,2015,10,25,9,3,44,0,0,10,0,2015-10-25,2015-10-25
663,2015,10,26,6,12,75,0,0,11,4,2015-10-26,2015-10-26
664,2015,10,27,12,7,69,0,0,10,2,2015-10-27,2015-10-27
665,2015,10,28,12,2,80,0,0,11,3,2015-10-28,2015-10-28
666,2015,10,29,14,8,91,0,0,17,6,2015-10-29,2015-10-29
667,2015,10,30,13,10,114,0,0,12,2,2015-10-30,2015-10-30
668,2015,10,31,17,5,77,0,0,18,11,2015-10-31,2015-10-31
669,2015,11,01,13,7,41,0,0,3,8,2015-11-01,2015-11-01
670,2015,11,02,5,8,39,0,0,7,3,2015-11-02,2015-11-02
671,2015,11,03,21,13,80,0,0,5,1,2015-11-03,2015-11-03
672,2015,11,04,10,2,86,0,0,17,6,2015-11-04,2015-11-04
673,2015,11,05,5,18,92,0,0,12,5,2015-11-05,2015-11-05
674,2015,11,06,13,11,105,0,0,3,2,2015-11-06,2015-11-06
675,2015,11,07,14,4,87,0,0,10,3,2015-11-07,2015-11-07
676,2015,11,08,8,12,40,0,0,9,5,2015-11-08,2015-11-08
677,2015,11,09,6,5,80,0,0,14,5,2015-11-09,2015-11-09
678,2015,11,10,12,17,103,0,0,11,4,2015-11-10,2015-11-10
679,2015,11,11,8,17,103,0,0,9,4,2015-11-11,2015-11-11
680,2015,11,12,14,8,71,0,0,13,3,2015-11-12,2015-11-12
681,2015,11,13,15,10,94,0,0,10,2,2015-11-13,2015-11-13
682,2015,11,14,7,5,67,0,0,7,8,2015-11-14,2015-11-14
683,2015,11,15,6,9,39,0,0,10,3,2015-11-15,2015-11-15
684,2015,11,16,5,11,36,0,0,19,3,2015-11-16,2015-11-16
685,2015,11,17,13,9,91,0,0,17,9,2015-11-17,2015-11-17
686,2015,11,18,9,11,75,0,0,17,17,2015-11-18,2015-11-18
687,2015,11,19,10,12,78,0,0,14,7,2015-11-19,2015-11-19
688,2015,11,20,11,14,87,0,0,10,7,2015-11-20,2015-11-20
689,2015,11,21,11,13,80,0,0,5,4,2015-11-21,2015-11-21
690,2015,11,22,12,5,57,0,0,8,4,2015-11-22,2015-11-22
691,2015,11,23,12,14,93,0,0,18,5,2015-11-23,2015-11-23
692,2015,11,24,8,7,87,0,0,15,3,2015-11-24,2015-11-24
693,2015,11,25,9,13,84,0,0,17,4,2015-11-25,2015-11-25
694,2015,11,26,14,10,92,0,0,11,3,2015-11-26,2015-11-26
695,2015,11,27,11,12,98,0,0,6,5,2015-11-27,2015-11-27
696,2015,11,28,14,8,82,0,0,18,0,2015-11-28,2015-11-28
697,2015,11,29,5,8,44,0,0,10,1,2015-11-29,2015-11-29
698,2015,11,30,10,7,74,0,0,17,4,2015-11-30,2015-11-30
699,2015,12,01,16,13,84,0,0,17,4,2015-12-01,2015-12-01
700,2015,12,02,13,9,103,0,0,7,1,2015-12-02,2015-12-02
701,2015,12,03,7,17,104,0,0,18,5,2015-12-03,2015-12-03
702,2015,12,04,10,13,86,0,0,11,3,2015-12-04,2015-12-04
703,2015,12,05,26,7,91,0,0,13,5,2015-12-05,2015-12-05
704,2015,12,06,8,11,31,0,0,9,1,2015-12-06,2015-12-06
705,2015,12,07,11,15,121,0,0,12,2,2015-12-07,2015-12-07
706,2015,12,08,14,5,65,0,0,7,5,2015-12-08,2015-12-08
707,2015,12,09,11,9,98,0,0,9,3,2015-12-09,2015-12-09
708,2015,12,10,14,7,89,0,0,8,10,2015-12-10,2015-12-10
709,2015,12,11,10,9,79,0,0,11,2,2015-12-11,2015-12-11
710,2015,12,12,11,13,104,0,0,8,4,2015-12-12,2015-12-12
711,2015,12,13,15,9,57,0,0,13,1,2015-12-13,2015-12-13
712,2015,12,14,10,12,98,0,0,10,8,2015-12-14,2015-12-14
713,2015,12,15,13,11,91,0,0,19,4,2015-12-15,2015-12-15
714,2015,12,16,12,6,109,0,0,21,6,2015-12-16,2015-12-16
715,2015,12,17,15,11,74,0,0,13,1,2015-12-17,2015-12-17
716,2015,12,18,15,6,95,0,0,13,8,2015-12-18,2015-12-18
717,2015,12,19,15,5,90,0,0,11,5,2015-12-19,2015-12-19
718,2015,12,20,17,8,57,0,0,8,5,2015-12-20,2015-12-20
719,2015,12,21,8,11,81,0,0,13,4,2015-12-21,2015-12-21
720,2015,12,22,9,8,99,0,0,19,5,2015-12-22,2015-12-22
721,2015,12,23,10,10,85,0,0,7,5,2015-12-23,2015-12-23
722,2015,12,24,18,10,79,0,0,15,2,2015-12-24,2015-12-24
723,2015,12,25,13,4,36,0,0,6,4,2015-12-25,2015-12-25
724,2015,12,26,9,11,45,0,0,13,2,2015-12-26,2015-12-26
725,2015,12,27,10,5,29,0,0,9,8,2015-12-27,2015-12-27
726,2015,12,28,12,7,63,0,0,5,3,2015-12-28,2015-12-28
727,2015,12,29,10,2,80,0,0,2,3,2015-12-29,2015-12-29
728,2015,12,30,10,8,87,0,0,8,1,2015-12-30,2015-12-30
729,2015,12,31,15,9,44,0,0,8,0,2015-12-31,2015-12-31
730,2016,01,01,12,11,33,0,0,8,3,2016-01-01,2016-01-01
731,2016,01,02,5,6,36,0,0,4,8,2016-01-02,2016-01-02
732,2016,01,03,7,5,33,0,0,7,8,2016-01-03,2016-01-03
733,2016,01,04,6,14,54,0,0,14,4,2016-01-04,2016-01-04
734,2016,01,05,10,8,53,0,0,15,2,2016-01-05,2016-01-05
735,2016,01,06,3,7,67,0,0,13,1,2016-01-06,2016-01-06
736,2016,01,07,12,8,62,0,0,6,5,2016-01-07,2016-01-07
737,2016,01,08,7,6,63,0,0,17,1,2016-01-08,2016-01-08
738,2016,01,09,10,4,43,0,0,15,1,2016-01-09,2016-01-09
739,2016,01,10,10,4,41,0,0,9,0,2016-01-10,2016-01-10
740,2016,01,11,2,10,29,0,0,7,4,2016-01-11,2016-01-11
741,2016,01,12,12,4,72,0,0,14,4,2016-01-12,2016-01-12
742,2016,01,13,6,8,82,0,0,12,4,2016-01-13,2016-01-13
743,2016,01,14,8,7,66,0,0,20,1,2016-01-14,2016-01-14
744,2016,01,15,10,7,72,0,0,20,0,2016-01-15,2016-01-15
745,2016,01,16,10,13,83,0,0,9,5,2016-01-16,2016-01-16
746,2016,01,17,11,4,38,0,0,7,2,2016-01-17,2016-01-17
747,2016,01,18,15,14,84,0,0,14,2,2016-01-18,2016-01-18
748,2016,01,19,15,4,99,0,0,11,0,2016-01-19,2016-01-19
749,2016,01,20,19,14,85,0,0,9,3,2016-01-20,2016-01-20
750,2016,01,21,11,11,72,0,0,9,3,2016-01-21,2016-01-21
751,2016,01,22,7,17,94,0,0,12,3,2016-01-22,2016-01-22
752,2016,01,23,16,5,65,0,0,7,3,2016-01-23,2016-01-23
753,2016,01,24,9,8,37,0,0,13,4,2016-01-24,2016-01-24
754,2016,01,25,7,6,88,0,0,8,3,2016-01-25,2016-01-25
755,2016,01,26,16,14,81,0,0,4,6,2016-01-26,2016-01-26
756,2016,01,27,11,7,99,0,0,5,3,2016-01-27,2016-01-27
757,2016,01,28,8,20,79,0,0,6,3,2016-01-28,2016-01-28
758,2016,01,29,19,13,90,0,0,11,3,2016-01-29,2016-01-29
759,2016,01,30,11,4,79,0,0,4,4,2016-01-30,2016-01-30
760,2016,01,31,9,9,41,0,0,15,4,2016-01-31,2016-01-31
761,2016,02,01,16,12,76,0,0,18,1,2016-02-01,2016-02-01
762,2016,02,02,17,11,97,0,0,15,7,2016-02-02,2016-02-02
763,2016,02,03,10,11,88,0,0,13,2,2016-02-03,2016-02-03
764,2016,02,04,16,8,90,0,0,16,2,2016-02-04,2016-02-04
765,2016,02,05,12,13,84,0,0,12,1,2016-02-05,2016-02-05
766,2016,02,06,23,10,76,0,0,13,9,2016-02-06,2016-02-06
767,2016,02,07,12,9,49,0,0,11,4,2016-02-07,2016-02-07
768,2016,02,08,15,18,74,0,0,15,7,2016-02-08,2016-02-08
769,2016,02,09,21,6,80,0,0,16,3,2016-02-09,2016-02-09
770,2016,02,10,11,10,86,0,0,10,6,2016-02-10,2016-02-10
771,2016,02,11,16,27,87,0,0,33,6,2016-02-11,2016-02-11
772,2016,02,12,12,8,72,0,0,8,3,2016-02-12,2016-02-12
773,2016,02,13,11,10,91,0,0,8,3,2016-02-13,2016-02-13
774,2016,02,14,5,9,46,0,0,6,1,2016-02-14,2016-02-14
775,2016,02,15,12,13,80,0,0,8,6,2016-02-15,2016-02-15
776,2016,02,16,12,7,85,0,0,9,7,2016-02-16,2016-02-16
777,2016,02,17,11,18,110,0,0,22,11,2016-02-17,2016-02-17
778,2016,02,18,12,11,98,0,0,8,4,2016-02-18,2016-02-18
779,2016,02,19,19,11,96,0,0,12,4,2016-02-19,2016-02-19
780,2016,02,20,12,9,90,0,0,23,8,2016-02-20,2016-02-20
781,2016,02,21,7,8,35,0,0,14,6,2016-02-21,2016-02-21
782,2016,02,22,10,10,88,0,0,13,9,2016-02-22,2016-02-22
783,2016,02,23,14,10,77,0,0,12,2,2016-02-23,2016-02-23
784,2016,02,24,10,6,77,0,0,7,5,2016-02-24,2016-02-24
785,2016,02,25,7,12,75,0,0,13,3,2016-02-25,2016-02-25
786,2016,02,26,13,6,97,0,0,10,3,2016-02-26,2016-02-26
787,2016,02,27,11,13,84,0,0,10,2,2016-02-27,2016-02-27
788,2016,02,28,11,6,39,0,0,12,3,2016-02-28,2016-02-28
789,2016,02,29,9,8,92,0,0,16,6,2016-02-29,2016-02-29
790,2016,03,01,15,6,99,0,0,13,3,2016-03-01,2016-03-01
791,2016,03,02,8,10,70,0,0,10,2,2016-03-02,2016-03-02
792,2016,03,03,8,7,81,0,0,19,3,2016-03-03,2016-03-03
793,2016,03,04,7,17,84,0,0,14,3,2016-03-04,2016-03-04
794,2016,03,05,14,18,99,0,0,14,6,2016-03-05,2016-03-05
795,2016,03,06,8,9,49,0,0,11,3,2016-03-06,2016-03-06
796,2016,03,07,15,12,110,0,1,15,3,2016-03-07,2016-03-07
797,2016,03,08,12,4,91,0,0,11,7,2016-03-08,2016-03-08
798,2016,03,09,9,9,77,0,0,16,5,2016-03-09,2016-03-09
799,2016,03,10,13,18,100,0,0,22,5,2016-03-10,2016-03-10
800,2016,03,11,15,12,115,0,1,9,5,2016-03-11,2016-03-11
801,2016,03,12,12,5,89,0,0,8,12,2016-03-12,2016-03-12
802,2016,03,13,12,8,46,0,0,15,1,2016-03-13,2016-03-13
803,2016,03,14,11,17,89,0,0,27,9,2016-03-14,2016-03-14
804,2016,03,15,21,6,79,0,0,15,2,2016-03-15,2016-03-15
805,2016,03,16,11,9,94,0,0,14,3,2016-03-16,2016-03-16
806,2016,03,17,13,13,109,0,0,21,13,2016-03-17,2016-03-17
807,2016,03,18,11,13,102,0,0,10,6,2016-03-18,2016-03-18
808,2016,03,19,19,9,80,0,0,24,5,2016-03-19,2016-03-19
809,2016,03,20,7,7,41,0,0,14,4,2016-03-20,2016-03-20
810,2016,03,21,12,3,34,0,0,20,3,2016-03-21,2016-03-21
811,2016,03,22,15,8,73,0,0,14,1,2016-03-22,2016-03-22
812,2016,03,23,10,7,82,0,0,18,3,2016-03-23,2016-03-23
813,2016,03,24,7,5,28,0,0,6,3,2016-03-24,2016-03-24
814,2016,03,25,4,2,13,0,0,6,3,2016-03-25,2016-03-25
815,2016,03,26,13,5,46,0,0,11,3,2016-03-26,2016-03-26
816,2016,03,27,11,11,38,0,0,4,3,2016-03-27,2016-03-27
817,2016,03,28,14,22,83,0,0,19,4,2016-03-28,2016-03-28
818,2016,03,29,15,11,71,0,0,14,2,2016-03-29,2016-03-29
819,2016,03,30,13,11,80,0,0,22,4,2016-03-30,2016-03-30
820,2016,03,31,10,11,74,0,0,21,3,2016-03-31,2016-03-31
821,2016,04,01,6,17,75,0,0,18,4,2016-04-01,2016-04-01
822,2016,04,02,10,4,56,0,0,1,2,2016-04-02,2016-04-02
823,2016,04,03,7,5,21,0,0,5,3,2016-04-03,2016-04-03
824,2016,04,04,6,6,98,0,0,13,7,2016-04-04,2016-04-04
825,2016,04,05,10,7,94,0,0,17,6,2016-04-05,2016-04-05
826,2016,04,06,22,5,104,0,0,16,3,2016-04-06,2016-04-06
827,2016,04,07,11,7,86,0,0,7,3,2016-04-07,2016-04-07
828,2016,04,08,17,12,122,0,0,20,16,2016-04-08,2016-04-08
829,2016,04,09,11,9,71,0,0,12,14,2016-04-09,2016-04-09
830,2016,04,10,12,5,56,0,0,15,2,2016-04-10,2016-04-10
831,2016,04,11,15,9,93,0,0,13,10,2016-04-11,2016-04-11
832,2016,04,12,6,7,94,0,0,27,0,2016-04-12,2016-04-12
833,2016,04,13,9,15,77,0,0,8,3,2016-04-13,2016-04-13
834,2016,04,14,14,11,88,0,0,9,6,2016-04-14,2016-04-14
835,2016,04,15,10,10,107,0,0,16,8,2016-04-15,2016-04-15
836,2016,04,16,11,10,78,0,0,8,2,2016-04-16,2016-04-16
837,2016,04,17,18,8,46,0,0,11,4,2016-04-17,2016-04-17
838,2016,04,18,13,6,105,0,0,14,8,2016-04-18,2016-04-18
839,2016,04,19,13,4,88,0,0,8,6,2016-04-19,2016-04-19
840,2016,04,20,9,11,93,0,0,21,4,2016-04-20,2016-04-20
841,2016,04,21,12,10,91,0,0,10,5,2016-04-21,2016-04-21
842,2016,04,22,12,5,57,0,0,10,1,2016-04-22,2016-04-22
843,2016,04,23,10,7,79,0,0,9,3,2016-04-23,2016-04-23
844,2016,04,24,6,17,45,0,0,17,5,2016-04-24,2016-04-24
845,2016,04,25,12,13,84,0,0,11,6,2016-04-25,2016-04-25
846,2016,04,26,9,16,82,0,0,12,1,2016-04-26,2016-04-26
847,2016,04,27,12,10,95,0,0,20,2,2016-04-27,2016-04-27
848,2016,04,28,9,10,95,0,0,18,4,2016-04-28,2016-04-28
849,2016,04,29,13,14,105,0,0,12,3,2016-04-29,2016-04-29
850,2016,04,30,12,15,78,0,0,10,5,2016-04-30,2016-04-30
851,2016,05,01,11,10,47,0,0,13,3,2016-05-01,2016-05-01
852,2016,05,02,7,11,73,0,0,14,3,2016-05-02,2016-05-02
853,2016,05,03,5,13,82,0,0,13,2,2016-05-03,2016-05-03
854,2016,05,04,7,16,73,0,0,22,4,2016-05-04,2016-05-04
855,2016,05,05,11,10,94,0,0,18,4,2016-05-05,2016-05-05
856,2016,05,06,18,8,110,0,0,19,6,2016-05-06,2016-05-06
857,2016,05,07,13,7,110,0,0,7,2,2016-05-07,2016-05-07
858,2016,05,08,14,8,54,0,0,7,4,2016-05-08,2016-05-08
859,2016,05,09,7,9,52,0,0,3,7,2016-05-09,2016-05-09
860,2016,05,10,7,8,90,0,0,17,7,2016-05-10,2016-05-10
861,2016,05,11,10,12,98,0,0,11,2,2016-05-11,2016-05-11
862,2016,05,12,9,12,84,0,0,16,8,2016-05-12,2016-05-12
863,2016,05,13,15,6,101,0,0,10,5,2016-05-13,2016-05-13
864,2016,05,14,11,5,73,0,0,12,1,2016-05-14,2016-05-14
865,2016,05,15,16,13,49,0,0,7,3,2016-05-15,2016-05-15
866,2016,05,16,14,12,97,0,0,12,5,2016-05-16,2016-05-16
867,2016,05,17,14,14,108,0,0,15,4,2016-05-17,2016-05-17
868,2016,05,18,9,8,86,0,0,15,4,2016-05-18,2016-05-18
869,2016,05,19,15,13,106,0,0,17,3,2016-05-19,2016-05-19
870,2016,05,20,12,7,76,0,0,20,3,2016-05-20,2016-05-20
871,2016,05,21,10,16,94,0,0,10,4,2016-05-21,2016-05-21
872,2016,05,22,11,8,35,0,0,15,1,2016-05-22,2016-05-22
873,2016,05,23,9,13,101,0,0,12,3,2016-05-23,2016-05-23
874,2016,05,24,15,10,79,0,0,17,3,2016-05-24,2016-05-24
875,2016,05,25,8,18,81,0,0,15,6,2016-05-25,2016-05-25
876,2016,05,26,8,10,93,0,0,20,5,2016-05-26,2016-05-26
877,2016,05,27,13,11,70,0,0,13,5,2016-05-27,2016-05-27
878,2016,05,28,13,9,67,0,0,21,4,2016-05-28,2016-05-28
879,2016,05,29,6,5,36,0,0,14,0,2016-05-29,2016-05-29
880,2016,05,30,3,3,32,0,0,15,4,2016-05-30,2016-05-30
881,2016,05,31,3,7,38,0,0,13,6,2016-05-31,2016-05-31
882,2016,06,01,11,11,72,0,0,11,5,2016-06-01,2016-06-01
883,2016,06,02,9,9,87,0,0,16,6,2016-06-02,2016-06-02
884,2016,06,03,16,13,78,0,0,11,0,2016-06-03,2016-06-03
885,2016,06,04,15,4,81,0,0,14,3,2016-06-04,2016-06-04
886,2016,06,05,14,4,35,0,0,9,2,2016-06-05,2016-06-05
887,2016,06,06,10,4,36,0,0,11,3,2016-06-06,2016-06-06
888,2016,06,07,8,14,88,0,0,18,7,2016-06-07,2016-06-07
889,2016,06,08,6,3,73,0,0,11,3,2016-06-08,2016-06-08
890,2016,06,09,10,8,73,0,0,15,2,2016-06-09,2016-06-09
891,2016,06,10,12,10,76,0,0,17,4,2016-06-10,2016-06-10
892,2016,06,11,19,8,81,0,0,16,2,2016-06-11,2016-06-11
893,2016,06,12,11,9,49,0,0,19,2,2016-06-12,2016-06-12
894,2016,06,13,8,11,85,0,0,17,2,2016-06-13,2016-06-13
895,2016,06,14,4,9,81,0,0,25,15,2016-06-14,2016-06-14
896,2016,06,15,3,7,98,0,0,11,7,2016-06-15,2016-06-15
897,2016,06,16,14,9,80,0,0,14,4,2016-06-16,2016-06-16
898,2016,06,17,11,6,85,0,0,12,3,2016-06-17,2016-06-17
899,2016,06,18,18,18,98,0,0,22,2,2016-06-18,2016-06-18
900,2016,06,19,9,6,56,0,0,8,7,2016-06-19,2016-06-19
901,2016,06,20,14,10,79,0,0,19,7,2016-06-20,2016-06-20
902,2016,06,21,11,15,86,0,0,11,7,2016-06-21,2016-06-21
903,2016,06,22,12,13,99,0,0,7,4,2016-06-22,2016-06-22
904,2016,06,23,10,15,89,0,0,25,8,2016-06-23,2016-06-23
905,2016,06,24,11,5,71,0,0,14,1,2016-06-24,2016-06-24
906,2016,06,25,11,4,83,0,0,8,3,2016-06-25,2016-06-25
907,2016,06,26,7,3,45,0,0,11,6,2016-06-26,2016-06-26
908,2016,06,27,14,5,76,0,0,11,6,2016-06-27,2016-06-27
909,2016,06,28,10,20,84,0,0,12,1,2016-06-28,2016-06-28
910,2016,06,29,11,3,67,0,0,10,7,2016-06-29,2016-06-29
911,2016,06,30,5,1,38,0,0,13,3,2016-06-30,2016-06-30
912,2016,07,01,13,6,80,0,0,5,1,2016-07-01,2016-07-01
913,2016,07,02,15,9,83,0,0,8,12,2016-07-02,2016-07-02
914,2016,07,03,6,8,31,0,0,7,4,2016-07-03,2016-07-03
915,2016,07,04,8,7,39,0,0,9,2,2016-07-04,2016-07-04
916,2016,07,05,11,9,78,0,0,17,7,2016-07-05,2016-07-05
917,2016,07,06,8,12,73,0,0,14,4,2016-07-06,2016-07-06
918,2016,07,07,19,9,84,0,0,9,6,2016-07-07,2016-07-07
919,2016,07,08,13,6,100,0,0,12,1,2016-07-08,2016-07-08
920,2016,07,09,14,12,110,0,0,17,5,2016-07-09,2016-07-09
921,2016,07,10,12,9,49,0,0,11,1,2016-07-10,2016-07-10
922,2016,07,11,16,9,71,0,0,18,4,2016-07-11,2016-07-11
923,2016,07,12,11,7,85,0,0,12,3,2016-07-12,2016-07-12
924,2016,07,13,9,6,92,0,0,13,3,2016-07-13,2016-07-13
925,2016,07,14,16,7,88,0,0,17,1,2016-07-14,2016-07-14
926,2016,07,15,11,10,109,0,0,30,5,2016-07-15,2016-07-15
927,2016,07,16,8,12,72,0,0,12,4,2016-07-16,2016-07-16
928,2016,07,17,6,9,55,0,0,14,3,2016-07-17,2016-07-17
929,2016,07,18,14,12,94,0,0,19,3,2016-07-18,2016-07-18
930,2016,07,19,17,5,92,0,0,19,3,2016-07-19,2016-07-19
931,2016,07,20,11,5,46,0,0,11,3,2016-07-20,2016-07-20
932,2016,07,21,4,7,80,0,0,21,2,2016-07-21,2016-07-21
933,2016,07,22,13,8,76,0,0,12,3,2016-07-22,2016-07-22
934,2016,07,23,13,10,91,0,0,14,3,2016-07-23,2016-07-23
935,2016,07,24,7,5,40,0,0,13,1,2016-07-24,2016-07-24
936,2016,07,25,7,17,81,0,0,16,7,2016-07-25,2016-07-25
937,2016,07,26,6,10,95,0,0,11,3,2016-07-26,2016-07-26
938,2016,07,27,17,12,107,0,0,21,9,2016-07-27,2016-07-27
939,2016,07,28,19,14,93,0,0,12,4,2016-07-28,2016-07-28
940,2016,07,29,7,10,109,0,0,17,1,2016-07-29,2016-07-29
941,2016,07,30,15,9,81,0,0,15,2,2016-07-30,2016-07-30
942,2016,07,31,7,8,55,0,0,8,1,2016-07-31,2016-07-31
943,2016,08,01,13,24,87,0,0,18,4,2016-08-01,2016-08-01
944,2016,08,02,12,16,99,0,0,17,3,2016-08-02,2016-08-02
945,2016,08,03,11,8,97,0,0,17,3,2016-08-03,2016-08-03
946,2016,08,04,11,17,89,0,0,32,7,2016-08-04,2016-08-04
947,2016,08,05,12,15,105,0,0,19,4,2016-08-05,2016-08-05
948,2016,08,06,19,14,86,0,0,12,5,2016-08-06,2016-08-06
949,2016,08,07,7,7,65,0,0,14,2,2016-08-07,2016-08-07
950,2016,08,08,9,16,72,0,0,18,4,2016-08-08,2016-08-08
951,2016,08,09,10,11,108,0,0,10,3,2016-08-09,2016-08-09
952,2016,08,10,15,10,87,0,0,17,6,2016-08-10,2016-08-10
953,2016,08,11,9,17,100,0,0,17,0,2016-08-11,2016-08-11
954,2016,08,12,13,7,85,0,0,14,10,2016-08-12,2016-08-12
955,2016,08,13,10,10,99,0,0,10,8,2016-08-13,2016-08-13
956,2016,08,14,11,3,45,0,0,5,0,2016-08-14,2016-08-14
957,2016,08,15,5,6,32,0,0,9,3,2016-08-15,2016-08-15
958,2016,08,16,9,10,96,0,0,21,9,2016-08-16,2016-08-16
959,2016,08,17,9,12,86,0,0,20,5,2016-08-17,2016-08-17
960,2016,08,18,10,20,94,0,0,19,12,2016-08-18,2016-08-18
961,2016,08,19,11,9,102,0,0,22,3,2016-08-19,2016-08-19
962,2016,08,20,8,9,80,0,0,24,5,2016-08-20,2016-08-20
963,2016,08,21,10,11,51,0,0,8,2,2016-08-21,2016-08-21
964,2016,08,22,15,15,92,0,0,10,3,2016-08-22,2016-08-22
965,2016,08,23,15,8,99,0,0,12,5,2016-08-23,2016-08-23
966,2016,08,24,13,13,77,0,0,16,4,2016-08-24,2016-08-24
967,2016,08,25,17,13,103,0,0,16,9,2016-08-25,2016-08-25
968,2016,08,26,9,9,105,0,0,10,9,2016-08-26,2016-08-26
969,2016,08,27,13,5,72,0,0,13,2,2016-08-27,2016-08-27
970,2016,08,28,10,5,42,0,0,15,2,2016-08-28,2016-08-28
971,2016,08,29,10,25,88,0,0,9,2,2016-08-29,2016-08-29
972,2016,08,30,10,12,64,0,0,18,4,2016-08-30,2016-08-30
973,2016,08,31,5,11,63,0,0,9,2,2016-08-31,2016-08-31
974,2016,09,01,15,10,75,0,0,19,2,2016-09-01,2016-09-01
975,2016,09,02,21,14,95,0,0,21,5,2016-09-02,2016-09-02
976,2016,09,03,17,23,84,0,0,13,3,2016-09-03,2016-09-03
977,2016,09,04,11,9,43,0,0,11,0,2016-09-04,2016-09-04
978,2016,09,05,11,8,94,0,0,10,3,2016-09-05,2016-09-05
979,2016,09,06,12,7,98,0,0,18,2,2016-09-06,2016-09-06
980,2016,09,07,11,10,81,0,0,17,1,2016-09-07,2016-09-07
981,2016,09,08,10,9,110,0,0,10,5,2016-09-08,2016-09-08
982,2016,09,09,8,8,77,0,0,15,4,2016-09-09,2016-09-09
983,2016,09,10,16,10,93,0,0,13,1,2016-09-10,2016-09-10
984,2016,09,11,8,11,44,0,0,2,3,2016-09-11,2016-09-11
985,2016,09,12,12,17,92,0,0,17,6,2016-09-12,2016-09-12
986,2016,09,13,14,7,74,0,0,16,4,2016-09-13,2016-09-13
987,2016,09,14,10,13,82,0,0,11,6,2016-09-14,2016-09-14
988,2016,09,15,12,11,100,0,1,16,11,2016-09-15,2016-09-15
989,2016,09,16,18,13,101,0,0,16,3,2016-09-16,2016-09-16
990,2016,09,17,17,7,100,0,0,10,1,2016-09-17,2016-09-17
991,2016,09,18,10,6,45,0,0,11,2,2016-09-18,2016-09-18
992,2016,09,19,10,11,77,0,0,12,5,2016-09-19,2016-09-19
993,2016,09,20,15,7,103,0,0,9,2,2016-09-20,2016-09-20
994,2016,09,21,22,19,75,0,0,14,6,2016-09-21,2016-09-21
995,2016,09,22,9,19,91,0,0,10,5,2016-09-22,2016-09-22
996,2016,09,23,18,13,90,0,0,24,1,2016-09-23,2016-09-23
997,2016,09,24,11,12,89,0,0,13,4,2016-09-24,2016-09-24
998,2016,09,25,7,6,60,0,0,6,3,2016-09-25,2016-09-25
999,2016,09,26,14,14,87,0,0,15,2,2016-09-26,2016-09-26
1000,2016,09,27,5,15,89,0,0,14,6,2016-09-27,2016-09-27
1001,2016,09,28,16,25,71,0,0,18,5,2016-09-28,2016-09-28
1002,2016,09,29,12,11,77,0,0,18,5,2016-09-29,2016-09-29
1003,2016,09,30,13,5,76,0,0,14,6,2016-09-30,2016-09-30
1004,2016,10,01,15,11,78,0,0,6,2,2016-10-01,2016-10-01
1005,2016,10,02,12,13,62,0,0,7,1,2016-10-02,2016-10-02
1006,2016,10,03,20,11,99,0,0,12,1,2016-10-03,2016-10-03
1007,2016,10,04,7,19,93,0,0,9,4,2016-10-04,2016-10-04
1008,2016,10,05,11,6,96,0,0,14,4,2016-10-05,2016-10-05
1009,2016,10,06,12,12,102,0,0,19,1,2016-10-06,2016-10-06
1010,2016,10,07,13,21,116,0,0,17,7,2016-10-07,2016-10-07
1011,2016,10,08,12,8,94,0,0,11,3,2016-10-08,2016-10-08
1012,2016,10,09,16,9,52,0,0,12,6,2016-10-09,2016-10-09
1013,2016,10,10,9,15,93,0,0,13,5,2016-10-10,2016-10-10
1014,2016,10,11,8,15,82,0,0,21,5,2016-10-11,2016-10-11
1015,2016,10,12,20,8,97,0,0,12,5,2016-10-12,2016-10-12
1016,2016,10,13,13,9,73,0,0,12,0,2016-10-13,2016-10-13
1017,2016,10,14,15,14,100,0,0,8,3,2016-10-14,2016-10-14
1018,2016,10,15,4,6,83,0,0,19,2,2016-10-15,2016-10-15
1019,2016,10,16,7,6,56,0,0,9,2,2016-10-16,2016-10-16
1020,2016,10,17,8,6,44,0,0,12,6,2016-10-17,2016-10-17
1021,2016,10,18,8,13,102,0,0,20,12,2016-10-18,2016-10-18
1022,2016,10,19,16,9,86,0,0,10,3,2016-10-19,2016-10-19
1023,2016,10,20,13,10,82,0,1,13,2,2016-10-20,2016-10-20
1024,2016,10,21,10,8,112,0,0,10,7,2016-10-21,2016-10-21
1025,2016,10,22,16,10,69,0,0,10,4,2016-10-22,2016-10-22
1026,2016,10,23,18,8,46,0,0,11,6,2016-10-23,2016-10-23
1027,2016,10,24,17,8,93,0,0,9,3,2016-10-24,2016-10-24
1028,2016,10,25,9,17,87,0,0,16,3,2016-10-25,2016-10-25
1029,2016,10,26,5,7,78,0,0,16,3,2016-10-26,2016-10-26
1030,2016,10,27,10,16,100,0,0,17,10,2016-10-27,2016-10-27
1031,2016,10,28,13,11,116,0,0,12,3,2016-10-28,2016-10-28
1032,2016,10,29,15,15,80,0,0,16,1,2016-10-29,2016-10-29
1033,2016,10,30,10,6,43,0,0,16,5,2016-10-30,2016-10-30
1034,2016,10,31,7,10,96,0,0,17,2,2016-10-31,2016-10-31
1035,2016,11,01,5,18,96,0,0,14,5,2016-11-01,2016-11-01
1036,2016,11,02,11,13,91,0,0,12,4,2016-11-02,2016-11-02
1037,2016,11,03,12,19,95,0,0,10,7,2016-11-03,2016-11-03
1038,2016,11,04,7,13,88,0,0,22,6,2016-11-04,2016-11-04
1039,2016,11,05,11,7,83,0,0,6,4,2016-11-05,2016-11-05
1040,2016,11,06,11,9,46,0,0,10,3,2016-11-06,2016-11-06
1041,2016,11,07,8,9,32,0,0,12,6,2016-11-07,2016-11-07
1042,2016,11,08,12,17,92,0,0,6,4,2016-11-08,2016-11-08
1043,2016,11,09,13,9,84,0,0,8,4,2016-11-09,2016-11-09
1044,2016,11,10,13,17,64,0,0,16,11,2016-11-10,2016-11-10
1045,2016,11,11,14,8,80,0,0,26,6,2016-11-11,2016-11-11
1046,2016,11,12,9,6,84,0,0,14,11,2016-11-12,2016-11-12
1047,2016,11,13,14,7,46,0,0,7,2,2016-11-13,2016-11-13
1048,2016,11,14,6,8,35,0,0,8,5,2016-11-14,2016-11-14
1049,2016,11,15,19,7,101,0,0,20,5,2016-11-15,2016-11-15
1050,2016,11,16,6,15,74,0,0,20,3,2016-11-16,2016-11-16
1051,2016,11,17,15,13,91,0,0,20,2,2016-11-17,2016-11-17
1052,2016,11,18,14,13,99,0,0,18,4,2016-11-18,2016-11-18
1053,2016,11,19,9,5,93,0,0,14,2,2016-11-19,2016-11-19
1054,2016,11,20,8,7,41,0,0,11,1,2016-11-20,2016-11-20
1055,2016,11,21,17,19,110,0,0,14,7,2016-11-21,2016-11-21
1056,2016,11,22,12,10,79,0,0,7,3,2016-11-22,2016-11-22
1057,2016,11,23,11,13,106,0,0,10,3,2016-11-23,2016-11-23
1058,2016,11,24,6,10,86,0,0,14,0,2016-11-24,2016-11-24
1059,2016,11,25,11,26,96,0,0,11,7,2016-11-25,2016-11-25
1060,2016,11,26,15,10,78,0,0,8,3,2016-11-26,2016-11-26
1061,2016,11,27,10,6,56,0,0,7,1,2016-11-27,2016-11-27
1062,2016,11,28,11,13,85,0,0,11,1,2016-11-28,2016-11-28
1063,2016,11,29,8,10,76,0,0,6,5,2016-11-29,2016-11-29
1064,2016,11,30,12,6,96,0,0,8,7,2016-11-30,2016-11-30
1065,2016,12,01,13,5,58,0,0,11,3,2016-12-01,2016-12-01
1066,2016,12,02,10,8,95,0,0,14,6,2016-12-02,2016-12-02
1067,2016,12,03,13,6,76,0,0,7,5,2016-12-03,2016-12-03
1068,2016,12,04,10,4,52,0,0,12,5,2016-12-04,2016-12-04
1069,2016,12,05,6,15,104,0,0,14,3,2016-12-05,2016-12-05
1070,2016,12,06,11,11,85,0,0,7,5,2016-12-06,2016-12-06
1071,2016,12,07,8,10,100,0,0,6,3,2016-12-07,2016-12-07
1072,2016,12,08,8,5,38,0,0,14,2,2016-12-08,2016-12-08
1073,2016,12,09,9,6,87,0,0,12,2,2016-12-09,2016-12-09
1074,2016,12,10,15,5,76,0,0,24,1,2016-12-10,2016-12-10
1075,2016,12,11,9,6,58,0,0,7,2,2016-12-11,2016-12-11
1076,2016,12,12,10,5,97,0,0,7,0,2016-12-12,2016-12-12
1077,2016,12,13,7,6,93,0,0,8,1,2016-12-13,2016-12-13
1078,2016,12,14,9,12,76,0,0,13,2,2016-12-14,2016-12-14
1079,2016,12,15,15,8,98,0,0,6,1,2016-12-15,2016-12-15
1080,2016,12,16,18,10,110,0,0,16,7,2016-12-16,2016-12-16
1081,2016,12,17,14,14,94,0,0,16,1,2016-12-17,2016-12-17
1082,2016,12,18,9,6,64,0,0,9,1,2016-12-18,2016-12-18
1083,2016,12,19,18,7,84,0,0,12,8,2016-12-19,2016-12-19
1084,2016,12,20,9,11,111,0,0,12,5,2016-12-20,2016-12-20
1085,2016,12,21,7,20,100,0,0,28,6,2016-12-21,2016-12-21
1086,2016,12,22,9,7,90,0,0,9,3,2016-12-22,2016-12-22
1087,2016,12,23,15,7,90,0,0,13,4,2016-12-23,2016-12-23
1088,2016,12,24,22,5,55,0,0,10,1,2016-12-24,2016-12-24
1089,2016,12,25,13,7,32,0,0,14,0,2016-12-25,2016-12-25
1090,2016,12,26,15,6,65,0,0,7,3,2016-12-26,2016-12-26
1091,2016,12,27,8,11,69,0,0,11,5,2016-12-27,2016-12-27
1092,2016,12,28,4,12,86,0,0,10,3,2016-12-28,2016-12-28
1093,2016,12,29,9,6,65,0,0,12,6,2016-12-29,2016-12-29
1094,2016,12,30,18,12,69,0,0,15,7,2016-12-30,2016-12-30
1095,2016,12,31,17,9,33,0,0,16,5,2016-12-31,2016-12-31
1096,2017,01,01,15,8,36,0,0,12,2,2017-01-01,2017-01-01
1097,2017,01,02,7,3,48,0,0,19,3,2017-01-02,2017-01-02
1098,2017,01,03,9,8,59,1,0,5,4,2017-01-03,2017-01-03
1099,2017,01,04,7,8,50,0,0,5,3,2017-01-04,2017-01-04
1100,2017,01,05,8,7,57,0,0,25,3,2017-01-05,2017-01-05
1101,2017,01,06,3,7,50,0,0,10,4,2017-01-06,2017-01-06
1102,2017,01,07,7,7,58,0,0,9,2,2017-01-07,2017-01-07
1103,2017,01,08,10,2,26,0,0,10,5,2017-01-08,2017-01-08
1104,2017,01,09,2,2,31,0,0,10,2,2017-01-09,2017-01-09
1105,2017,01,10,12,4,63,0,0,11,2,2017-01-10,2017-01-10
1106,2017,01,11,10,7,79,0,0,16,4,2017-01-11,2017-01-11
1107,2017,01,12,6,5,61,0,0,12,3,2017-01-12,2017-01-12
1108,2017,01,13,7,15,86,0,0,16,6,2017-01-13,2017-01-13
1109,2017,01,14,6,7,80,0,0,7,5,2017-01-14,2017-01-14
1110,2017,01,15,3,13,47,0,0,14,4,2017-01-15,2017-01-15
1111,2017,01,16,17,20,104,0,0,14,8,2017-01-16,2017-01-16
1112,2017,01,17,5,14,83,0,0,9,4,2017-01-17,2017-01-17
1113,2017,01,18,10,9,73,0,0,8,5,2017-01-18,2017-01-18
1114,2017,01,19,9,17,92,0,0,9,5,2017-01-19,2017-01-19
1115,2017,01,20,15,9,95,0,0,6,2,2017-01-20,2017-01-20
1116,2017,01,21,11,2,78,0,0,11,0,2017-01-21,2017-01-21
1117,2017,01,22,9,7,41,0,0,13,6,2017-01-22,2017-01-22
1118,2017,01,23,4,12,93,0,0,8,5,2017-01-23,2017-01-23
1119,2017,01,24,12,6,101,0,0,11,3,2017-01-24,2017-01-24
1120,2017,01,25,4,11,67,0,0,7,3,2017-01-25,2017-01-25
1121,2017,01,26,11,11,87,0,0,9,4,2017-01-26,2017-01-26
1122,2017,01,27,8,17,106,0,0,15,7,2017-01-27,2017-01-27
1123,2017,01,28,13,8,74,0,0,3,2,2017-01-28,2017-01-28
1124,2017,01,29,8,7,36,0,0,9,1,2017-01-29,2017-01-29
1125,2017,01,30,9,8,78,0,0,11,7,2017-01-30,2017-01-30
1126,2017,01,31,11,11,105,0,0,8,5,2017-01-31,2017-01-31
1127,2017,02,01,6,10,85,0,0,9,4,2017-02-01,2017-02-01
1128,2017,02,02,11,11,92,0,0,13,2,2017-02-02,2017-02-02
1129,2017,02,03,14,5,91,0,0,26,4,2017-02-03,2017-02-03
1130,2017,02,04,11,12,81,0,0,10,1,2017-02-04,2017-02-04
1131,2017,02,05,15,10,58,0,0,7,5,2017-02-05,2017-02-05
1132,2017,02,06,10,9,85,0,0,12,6,2017-02-06,2017-02-06
1133,2017,02,07,12,13,98,0,0,23,1,2017-02-07,2017-02-07
1134,2017,02,08,13,13,92,0,0,10,6,2017-02-08,2017-02-08
1135,2017,02,09,12,9,80,0,0,17,3,2017-02-09,2017-02-09
1136,2017,02,10,15,6,117,0,0,9,4,2017-02-10,2017-02-10
1137,2017,02,11,15,8,71,0,0,14,6,2017-02-11,2017-02-11
1138,2017,02,12,16,5,39,0,0,10,3,2017-02-12,2017-02-12
1139,2017,02,13,7,4,75,0,0,10,2,2017-02-13,2017-02-13
1140,2017,02,14,9,3,102,0,0,17,4,2017-02-14,2017-02-14
1141,2017,02,15,5,4,100,0,0,6,3,2017-02-15,2017-02-15
1142,2017,02,16,9,3,98,0,0,14,5,2017-02-16,2017-02-16
1143,2017,02,17,5,5,111,0,0,8,2,2017-02-17,2017-02-17
1144,2017,02,18,15,6,94,0,0,19,4,2017-02-18,2017-02-18
1145,2017,02,19,9,6,48,0,0,5,2,2017-02-19,2017-02-19
1146,2017,02,20,9,14,113,0,0,13,3,2017-02-20,2017-02-20
1147,2017,02,21,9,12,109,0,0,21,7,2017-02-21,2017-02-21
1148,2017,02,22,9,5,119,0,0,18,6,2017-02-22,2017-02-22
1149,2017,02,23,11,11,93,0,0,13,5,2017-02-23,2017-02-23
1150,2017,02,24,6,12,94,0,0,21,11,2017-02-24,2017-02-24
1151,2017,02,25,16,13,87,0,0,12,6,2017-02-25,2017-02-25
1152,2017,02,26,9,9,49,0,0,7,3,2017-02-26,2017-02-26
1153,2017,02,27,13,8,87,0,0,11,8,2017-02-27,2017-02-27
1154,2017,02,28,6,9,97,0,0,23,1,2017-02-28,2017-02-28
1155,2017,03,01,7,16,87,0,0,14,5,2017-03-01,2017-03-01
1156,2017,03,02,8,13,78,0,0,8,1,2017-03-02,2017-03-02
1157,2017,03,03,7,10,67,0,1,13,4,2017-03-03,2017-03-03
1158,2017,03,04,14,8,98,0,0,11,1,2017-03-04,2017-03-04
1159,2017,03,05,19,5,39,0,0,7,1,2017-03-05,2017-03-05
1160,2017,03,06,12,11,70,0,0,9,2,2017-03-06,2017-03-06
1161,2017,03,07,15,8,99,0,0,13,5,2017-03-07,2017-03-07
1162,2017,03,08,13,20,99,0,0,28,8,2017-03-08,2017-03-08
1163,2017,03,09,11,13,98,0,0,12,2,2017-03-09,2017-03-09
1164,2017,03,10,5,15,86,0,0,10,9,2017-03-10,2017-03-10
1165,2017,03,11,15,14,73,0,0,13,3,2017-03-11,2017-03-11
1166,2017,03,12,13,4,38,0,0,10,3,2017-03-12,2017-03-12
1167,2017,03,13,12,8,65,0,0,16,4,2017-03-13,2017-03-13
1168,2017,03,14,7,15,98,0,0,12,3,2017-03-14,2017-03-14
1169,2017,03,15,8,9,91,0,0,13,2,2017-03-15,2017-03-15
1170,2017,03,16,18,10,76,0,0,14,9,2017-03-16,2017-03-16
1171,2017,03,17,14,12,81,0,0,14,1,2017-03-17,2017-03-17
1172,2017,03,18,7,8,74,0,0,8,3,2017-03-18,2017-03-18
1173,2017,03,19,9,5,56,0,0,3,1,2017-03-19,2017-03-19
1174,2017,03,20,7,8,39,0,0,10,3,2017-03-20,2017-03-20
1175,2017,03,21,12,9,106,0,0,11,7,2017-03-21,2017-03-21
1176,2017,03,22,15,8,77,0,0,9,6,2017-03-22,2017-03-22
1177,2017,03,23,9,8,53,0,0,7,5,2017-03-23,2017-03-23
1178,2017,03,24,7,16,84,0,0,12,4,2017-03-24,2017-03-24
1179,2017,03,25,7,13,60,0,0,15,2,2017-03-25,2017-03-25
1180,2017,03,26,8,7,61,0,0,12,1,2017-03-26,2017-03-26
1181,2017,03,27,9,8,77,0,0,11,3,2017-03-27,2017-03-27
1182,2017,03,28,8,11,92,0,0,9,3,2017-03-28,2017-03-28
1183,2017,03,29,10,18,81,0,0,11,8,2017-03-29,2017-03-29
1184,2017,03,30,8,20,101,0,0,20,7,2017-03-30,2017-03-30
1185,2017,03,31,10,14,100,0,0,16,6,2017-03-31,2017-03-31
1186,2017,04,01,19,10,99,0,0,10,10,2017-04-01,2017-04-01
1187,2017,04,02,9,5,47,0,0,2,3,2017-04-02,2017-04-02
1188,2017,04,03,12,15,105,0,0,20,2,2017-04-03,2017-04-03
1189,2017,04,04,12,10,91,0,0,9,3,2017-04-04,2017-04-04
1190,2017,04,05,8,9,83,0,0,15,1,2017-04-05,2017-04-05
1191,2017,04,06,7,10,97,0,0,16,7,2017-04-06,2017-04-06
1192,2017,04,07,11,11,105,0,0,26,3,2017-04-07,2017-04-07
1193,2017,04,08,13,5,77,0,0,14,1,2017-04-08,2017-04-08
1194,2017,04,09,13,10,28,0,0,11,3,2017-04-09,2017-04-09
1195,2017,04,10,9,8,95,0,0,13,4,2017-04-10,2017-04-10
1196,2017,04,11,5,8,75,0,0,13,3,2017-04-11,2017-04-11
1197,2017,04,12,13,3,119,0,0,16,1,2017-04-12,2017-04-12
1198,2017,04,13,11,5,29,0,0,8,0,2017-04-13,2017-04-13
1199,2017,04,14,5,4,21,0,0,11,4,2017-04-14,2017-04-14
1200,2017,04,15,6,3,47,0,0,10,6,2017-04-15,2017-04-15
1201,2017,04,16,8,8,29,0,0,7,3,2017-04-16,2017-04-16
1202,2017,04,17,8,7,84,0,0,4,4,2017-04-17,2017-04-17
1203,2017,04,18,7,13,89,0,0,21,6,2017-04-18,2017-04-18
1204,2017,04,19,10,9,67,0,0,17,4,2017-04-19,2017-04-19
1205,2017,04,20,6,11,93,0,0,15,5,2017-04-20,2017-04-20
1206,2017,04,21,7,6,69,0,0,9,2,2017-04-21,2017-04-21
1207,2017,04,22,10,7,88,0,0,13,1,2017-04-22,2017-04-22
1208,2017,04,23,12,13,48,0,0,3,3,2017-04-23,2017-04-23
1209,2017,04,24,15,7,92,0,0,11,4,2017-04-24,2017-04-24
1210,2017,04,25,13,14,100,0,0,11,6,2017-04-25,2017-04-25
1211,2017,04,26,7,6,119,0,0,18,14,2017-04-26,2017-04-26
1212,2017,04,27,9,8,95,0,0,4,2,2017-04-27,2017-04-27
1213,2017,04,28,13,7,111,0,0,13,8,2017-04-28,2017-04-28
1214,2017,04,29,18,7,82,0,0,13,3,2017-04-29,2017-04-29
1215,2017,04,30,2,7,41,0,0,9,4,2017-04-30,2017-04-30
1216,2017,05,01,9,9,47,0,0,16,4,2017-05-01,2017-05-01
1217,2017,05,02,7,19,113,0,0,20,10,2017-05-02,2017-05-02
1218,2017,05,03,4,8,86,0,0,20,10,2017-05-03,2017-05-03
1219,2017,05,04,10,8,90,0,0,12,3,2017-05-04,2017-05-04
1220,2017,05,05,16,11,99,0,0,11,5,2017-05-05,2017-05-05
1221,2017,05,06,11,5,98,0,0,14,3,2017-05-06,2017-05-06
1222,2017,05,07,7,3,40,0,0,9,0,2017-05-07,2017-05-07
1223,2017,05,08,10,10,92,0,0,20,4,2017-05-08,2017-05-08
1224,2017,05,09,11,6,81,0,0,21,6,2017-05-09,2017-05-09
1225,2017,05,10,10,6,89,0,0,11,3,2017-05-10,2017-05-10
1226,2017,05,11,5,8,89,0,0,11,6,2017-05-11,2017-05-11
1227,2017,05,12,12,10,96,0,0,16,11,2017-05-12,2017-05-12
1228,2017,05,13,11,11,84,0,0,6,7,2017-05-13,2017-05-13
1229,2017,05,14,12,10,61,0,0,11,5,2017-05-14,2017-05-14
1230,2017,05,15,8,11,95,0,0,26,9,2017-05-15,2017-05-15
1231,2017,05,16,12,5,88,0,0,11,3,2017-05-16,2017-05-16
1232,2017,05,17,7,15,70,0,0,22,8,2017-05-17,2017-05-17
1233,2017,05,18,13,4,83,0,0,21,5,2017-05-18,2017-05-18
1234,2017,05,19,12,9,113,0,0,12,2,2017-05-19,2017-05-19
1235,2017,05,20,9,5,71,0,0,8,2,2017-05-20,2017-05-20
1236,2017,05,21,9,9,46,0,0,7,2,2017-05-21,2017-05-21
1237,2017,05,22,13,10,82,0,0,20,5,2017-05-22,2017-05-22
1238,2017,05,23,12,9,96,0,0,17,5,2017-05-23,2017-05-23
1239,2017,05,24,9,6,82,0,0,18,3,2017-05-24,2017-05-24
1240,2017,05,25,10,12,71,0,0,21,3,2017-05-25,2017-05-25
1241,2017,05,26,21,10,104,0,0,13,3,2017-05-26,2017-05-26
1242,2017,05,27,9,6,68,0,0,18,5,2017-05-27,2017-05-27
1243,2017,05,28,5,4,51,0,0,12,7,2017-05-28,2017-05-28
1244,2017,05,29,7,10,53,0,0,13,6,2017-05-29,2017-05-29
1245,2017,05,30,10,8,95,0,0,20,5,2017-05-30,2017-05-30
1246,2017,05,31,5,15,83,0,0,34,7,2017-05-31,2017-05-31
1247,2017,06,01,8,11,88,0,0,21,3,2017-06-01,2017-06-01
1248,2017,06,02,11,9,92,0,0,13,7,2017-06-02,2017-06-02
1249,2017,06,03,14,6,94,0,0,13,4,2017-06-03,2017-06-03
1250,2017,06,04,4,5,49,0,0,12,2,2017-06-04,2017-06-04
1251,2017,06,05,10,3,76,0,0,15,8,2017-06-05,2017-06-05
1252,2017,06,06,7,6,93,0,0,15,7,2017-06-06,2017-06-06
1253,2017,06,07,7,6,105,0,0,21,22,2017-06-07,2017-06-07
1254,2017,06,08,8,6,76,0,0,18,7,2017-06-08,2017-06-08
1255,2017,06,09,15,9,93,0,0,17,5,2017-06-09,2017-06-09
1256,2017,06,10,14,9,94,0,0,16,5,2017-06-10,2017-06-10
1257,2017,06,11,5,6,54,0,0,14,3,2017-06-11,2017-06-11
1258,2017,06,12,6,8,82,0,0,12,11,2017-06-12,2017-06-12
1259,2017,06,13,13,3,89,0,0,18,1,2017-06-13,2017-06-13
1260,2017,06,14,9,9,104,0,0,23,8,2017-06-14,2017-06-14
1261,2017,06,15,7,7,82,0,0,25,7,2017-06-15,2017-06-15
1262,2017,06,16,9,10,86,0,0,15,4,2017-06-16,2017-06-16
1263,2017,06,17,9,6,86,0,0,18,0,2017-06-17,2017-06-17
1264,2017,06,18,16,12,58,0,0,10,1,2017-06-18,2017-06-18
1265,2017,06,19,7,3,49,0,0,10,5,2017-06-19,2017-06-19
1266,2017,06,20,5,10,78,0,0,14,3,2017-06-20,2017-06-20
1267,2017,06,21,9,10,64,0,0,24,6,2017-06-21,2017-06-21
1268,2017,06,22,11,10,86,0,0,14,5,2017-06-22,2017-06-22
1269,2017,06,23,9,6,85,0,0,15,1,2017-06-23,2017-06-23
1270,2017,06,24,7,5,66,0,0,10,8,2017-06-24,2017-06-24
1271,2017,06,25,6,5,41,0,0,11,2,2017-06-25,2017-06-25
1272,2017,06,26,0,8,45,0,0,17,3,2017-06-26,2017-06-26
1273,2017,06,27,12,6,75,0,0,16,3,2017-06-27,2017-06-27
1274,2017,06,28,9,9,91,0,0,15,4,2017-06-28,2017-06-28
1275,2017,06,29,11,6,73,0,0,14,7,2017-06-29,2017-06-29
1276,2017,06,30,8,9,94,0,0,14,5,2017-06-30,2017-06-30
1277,2017,07,01,13,8,80,0,0,12,6,2017-07-01,2017-07-01
1278,2017,07,02,8,3,45,0,0,3,4,2017-07-02,2017-07-02
1279,2017,07,03,7,10,35,0,0,7,3,2017-07-03,2017-07-03
1280,2017,07,04,17,4,86,0,0,16,3,2017-07-04,2017-07-04
1281,2017,07,05,8,10,85,0,0,21,3,2017-07-05,2017-07-05
1282,2017,07,06,3,2,83,0,0,15,5,2017-07-06,2017-07-06
1283,2017,07,07,10,5,92,0,0,19,2,2017-07-07,2017-07-07
1284,2017,07,08,12,11,92,0,0,15,2,2017-07-08,2017-07-08
1285,2017,07,09,10,9,41,0,0,16,1,2017-07-09,2017-07-09
1286,2017,07,10,13,5,74,0,0,18,5,2017-07-10,2017-07-10
1287,2017,07,11,7,8,92,0,0,19,4,2017-07-11,2017-07-11
1288,2017,07,12,8,11,76,0,0,16,2,2017-07-12,2017-07-12
1289,2017,07,13,14,9,79,0,0,10,4,2017-07-13,2017-07-13
1290,2017,07,14,8,10,110,0,0,18,0,2017-07-14,2017-07-14
1291,2017,07,15,16,9,69,0,0,22,9,2017-07-15,2017-07-15
1292,2017,07,16,4,12,49,0,0,13,2,2017-07-16,2017-07-16
1293,2017,07,17,7,6,96,0,0,12,6,2017-07-17,2017-07-17
1294,2017,07,18,8,5,96,0,0,22,11,2017-07-18,2017-07-18
1295,2017,07,19,12,3,106,0,0,17,7,2017-07-19,2017-07-19
1296,2017,07,20,4,9,50,0,0,5,3,2017-07-20,2017-07-20
1297,2017,07,21,15,8,104,0,0,11,3,2017-07-21,2017-07-21
1298,2017,07,22,8,2,79,0,0,13,2,2017-07-22,2017-07-22
1299,2017,07,23,8,4,45,0,0,5,2,2017-07-23,2017-07-23
1300,2017,07,24,11,6,100,0,0,17,9,2017-07-24,2017-07-24
1301,2017,07,25,13,10,96,0,0,24,4,2017-07-25,2017-07-25
1302,2017,07,26,9,14,88,0,0,17,7,2017-07-26,2017-07-26
1303,2017,07,27,7,12,98,0,0,15,3,2017-07-27,2017-07-27
1304,2017,07,28,10,7,107,0,0,11,2,2017-07-28,2017-07-28
1305,2017,07,29,14,7,93,0,0,14,2,2017-07-29,2017-07-29
1306,2017,07,30,6,6,46,0,0,10,4,2017-07-30,2017-07-30
1307,2017,07,31,15,13,104,0,0,11,3,2017-07-31,2017-07-31
1308,2017,08,01,14,9,106,0,0,15,9,2017-08-01,2017-08-01
1309,2017,08,02,11,10,98,0,0,16,2,2017-08-02,2017-08-02
1310,2017,08,03,10,9,98,0,1,11,5,2017-08-03,2017-08-03
1311,2017,08,04,14,18,133,0,0,39,13,2017-08-04,2017-08-04
1312,2017,08,05,15,7,80,0,0,13,4,2017-08-05,2017-08-05
1313,2017,08,06,8,10,61,0,0,8,3,2017-08-06,2017-08-06
1314,2017,08,07,12,17,55,0,0,11,3,2017-08-07,2017-08-07
1315,2017,08,08,12,14,86,0,0,19,4,2017-08-08,2017-08-08
1316,2017,08,09,9,8,109,0,0,22,8,2017-08-09,2017-08-09
1317,2017,08,10,6,9,87,0,0,10,7,2017-08-10,2017-08-10
1318,2017,08,11,9,14,90,0,0,17,12,2017-08-11,2017-08-11
1319,2017,08,12,9,12,81,0,0,7,5,2017-08-12,2017-08-12
1320,2017,08,13,9,10,50,0,0,7,2,2017-08-13,2017-08-13
1321,2017,08,14,12,8,103,0,0,14,5,2017-08-14,2017-08-14
1322,2017,08,15,13,13,86,0,0,13,4,2017-08-15,2017-08-15
1323,2017,08,16,15,12,106,0,0,19,2,2017-08-16,2017-08-16
1324,2017,08,17,14,7,117,0,0,9,3,2017-08-17,2017-08-17
1325,2017,08,18,7,14,112,0,0,14,7,2017-08-18,2017-08-18
1326,2017,08,19,10,13,80,0,0,13,6,2017-08-19,2017-08-19
1327,2017,08,20,4,9,39,0,0,8,2,2017-08-20,2017-08-20
1328,2017,08,21,13,5,53,0,0,11,5,2017-08-21,2017-08-21
1329,2017,08,22,7,9,83,0,0,8,5,2017-08-22,2017-08-22
1330,2017,08,23,12,9,97,0,0,10,3,2017-08-23,2017-08-23
1331,2017,08,24,14,8,87,0,0,17,7,2017-08-24,2017-08-24
1332,2017,08,25,11,13,89,0,0,8,1,2017-08-25,2017-08-25
1333,2017,08,26,11,12,88,0,0,11,3,2017-08-26,2017-08-26
1334,2017,08,27,7,7,55,0,0,5,3,2017-08-27,2017-08-27
1335,2017,08,28,16,11,98,0,0,26,4,2017-08-28,2017-08-28
1336,2017,08,29,13,21,101,0,0,10,7,2017-08-29,2017-08-29
1337,2017,08,30,15,15,62,0,0,8,7,2017-08-30,2017-08-30
1338,2017,08,31,4,19,56,0,0,12,9,2017-08-31,2017-08-31
1339,2017,09,01,14,10,130,0,1,15,5,2017-09-01,2017-09-01
1340,2017,09,02,13,10,67,0,0,14,7,2017-09-02,2017-09-02
1341,2017,09,03,10,6,56,0,0,5,3,2017-09-03,2017-09-03
1342,2017,09,04,15,13,93,0,0,13,3,2017-09-04,2017-09-04
1343,2017,09,05,11,9,100,0,0,11,9,2017-09-05,2017-09-05
1344,2017,09,06,13,15,103,0,0,23,11,2017-09-06,2017-09-06
1345,2017,09,07,9,14,103,0,0,23,10,2017-09-07,2017-09-07
1346,2017,09,08,12,11,69,0,0,23,4,2017-09-08,2017-09-08
1347,2017,09,09,7,10,63,0,0,21,2,2017-09-09,2017-09-09
1348,2017,09,10,6,6,45,0,0,10,1,2017-09-10,2017-09-10
1349,2017,09,11,14,13,97,0,0,10,4,2017-09-11,2017-09-11
1350,2017,09,12,8,19,86,0,0,14,5,2017-09-12,2017-09-12
1351,2017,09,13,8,15,82,0,0,13,2,2017-09-13,2017-09-13
1352,2017,09,14,18,8,101,0,0,11,5,2017-09-14,2017-09-14
1353,2017,09,15,11,10,101,0,0,11,4,2017-09-15,2017-09-15
1354,2017,09,16,16,7,88,0,0,9,5,2017-09-16,2017-09-16
1355,2017,09,17,8,9,58,0,0,9,2,2017-09-17,2017-09-17
1356,2017,09,18,9,23,96,0,0,21,9,2017-09-18,2017-09-18
1357,2017,09,19,13,13,104,0,0,13,2,2017-09-19,2017-09-19
1358,2017,09,20,13,12,73,0,0,10,3,2017-09-20,2017-09-20
1359,2017,09,21,9,6,96,0,0,9,5,2017-09-21,2017-09-21
1360,2017,09,22,6,10,97,0,0,16,3,2017-09-22,2017-09-22
1361,2017,09,23,10,5,92,0,0,12,3,2017-09-23,2017-09-23
1362,2017,09,24,9,10,35,0,0,6,6,2017-09-24,2017-09-24
1363,2017,09,25,9,5,102,0,0,7,10,2017-09-25,2017-09-25
1364,2017,09,26,13,5,85,0,0,8,5,2017-09-26,2017-09-26
1365,2017,09,27,12,13,72,0,0,15,6,2017-09-27,2017-09-27
1366,2017,09,28,9,17,78,0,0,9,4,2017-09-28,2017-09-28
1367,2017,09,29,9,14,89,0,0,32,4,2017-09-29,2017-09-29
1368,2017,09,30,7,8,99,0,0,19,5,2017-09-30,2017-09-30
1369,2017,10,01,6,5,57,0,0,14,5,2017-10-01,2017-10-01
1370,2017,10,02,9,16,124,0,0,17,7,2017-10-02,2017-10-02
1371,2017,10,03,8,17,92,0,0,20,4,2017-10-03,2017-10-03
1372,2017,10,04,9,12,86,0,0,12,4,2017-10-04,2017-10-04
1373,2017,10,05,8,11,87,0,0,17,6,2017-10-05,2017-10-05
1374,2017,10,06,12,11,87,0,0,12,3,2017-10-06,2017-10-06
1375,2017,10,07,14,4,73,0,0,3,8,2017-10-07,2017-10-07
1376,2017,10,08,6,7,44,0,0,14,2,2017-10-08,2017-10-08
1377,2017,10,09,2,9,70,0,0,9,7,2017-10-09,2017-10-09
1378,2017,10,10,10,13,85,0,0,14,5,2017-10-10,2017-10-10
1379,2017,10,11,4,7,77,0,0,11,5,2017-10-11,2017-10-11
1380,2017,10,12,9,12,77,0,0,9,2,2017-10-12,2017-10-12
1381,2017,10,13,14,8,93,0,0,12,2,2017-10-13,2017-10-13
1382,2017,10,14,9,6,77,0,0,10,7,2017-10-14,2017-10-14
1383,2017,10,15,13,5,46,0,0,9,2,2017-10-15,2017-10-15
1384,2017,10,16,10,6,46,0,0,11,3,2017-10-16,2017-10-16
1385,2017,10,17,14,7,95,0,0,19,0,2017-10-17,2017-10-17
1386,2017,10,18,9,8,84,0,0,11,5,2017-10-18,2017-10-18
1387,2017,10,19,7,14,71,0,0,4,5,2017-10-19,2017-10-19
1388,2017,10,20,8,12,112,0,0,9,1,2017-10-20,2017-10-20
1389,2017,10,21,15,8,102,0,0,16,3,2017-10-21,2017-10-21
1390,2017,10,22,9,8,37,0,0,10,1,2017-10-22,2017-10-22
1391,2017,10,23,9,18,76,0,0,15,4,2017-10-23,2017-10-23
1392,2017,10,24,11,18,75,0,0,15,5,2017-10-24,2017-10-24
1393,2017,10,25,16,14,91,0,0,19,4,2017-10-25,2017-10-25
1394,2017,10,26,5,7,79,0,0,10,4,2017-10-26,2017-10-26
1395,2017,10,27,11,15,103,0,1,10,2,2017-10-27,2017-10-27
1396,2017,10,28,5,16,89,0,0,10,9,2017-10-28,2017-10-28
1397,2017,10,29,11,8,41,0,0,3,5,2017-10-29,2017-10-29
1398,2017,10,30,9,13,93,0,0,12,1,2017-10-30,2017-10-30
1399,2017,10,31,9,11,105,0,0,17,7,2017-10-31,2017-10-31
1400,2017,11,01,8,15,87,0,0,15,2,2017-11-01,2017-11-01
1401,2017,11,02,6,10,104,0,0,12,2,2017-11-02,2017-11-02
1402,2017,11,03,9,15,94,0,0,7,4,2017-11-03,2017-11-03
1403,2017,11,04,9,10,77,0,0,12,8,2017-11-04,2017-11-04
1404,2017,11,05,6,7,49,0,0,4,1,2017-11-05,2017-11-05
1405,2017,11,06,10,4,36,0,0,10,5,2017-11-06,2017-11-06
1406,2017,11,07,15,8,85,0,0,14,1,2017-11-07,2017-11-07
1407,2017,11,08,24,14,78,0,0,13,4,2017-11-08,2017-11-08
1408,2017,11,09,8,8,84,0,0,14,5,2017-11-09,2017-11-09
1409,2017,11,10,10,8,81,0,0,4,0,2017-11-10,2017-11-10
1410,2017,11,11,13,8,68,0,0,5,5,2017-11-11,2017-11-11
1411,2017,11,12,9,5,40,0,0,15,3,2017-11-12,2017-11-12
1412,2017,11,13,7,3,47,0,0,10,1,2017-11-13,2017-11-13
1413,2017,11,14,16,6,107,0,0,23,6,2017-11-14,2017-11-14
1414,2017,11,15,9,11,77,0,0,15,10,2017-11-15,2017-11-15
1415,2017,11,16,13,18,103,0,0,21,5,2017-11-16,2017-11-16
1416,2017,11,17,8,11,105,0,0,14,8,2017-11-17,2017-11-17
1417,2017,11,18,7,6,96,0,0,12,6,2017-11-18,2017-11-18
1418,2017,11,19,5,5,41,0,0,9,2,2017-11-19,2017-11-19
1419,2017,11,20,9,9,79,0,0,11,6,2017-11-20,2017-11-20
1420,2017,11,21,10,11,61,0,0,10,3,2017-11-21,2017-11-21
1421,2017,11,22,9,21,91,0,0,16,6,2017-11-22,2017-11-22
1422,2017,11,23,11,4,81,0,0,11,4,2017-11-23,2017-11-23
1423,2017,11,24,5,24,97,0,0,7,4,2017-11-24,2017-11-24
1424,2017,11,25,14,7,77,0,0,6,5,2017-11-25,2017-11-25
1425,2017,11,26,11,8,51,0,0,7,3,2017-11-26,2017-11-26
1426,2017,11,27,9,7,106,0,0,8,4,2017-11-27,2017-11-27
1427,2017,11,28,14,11,87,0,0,10,3,2017-11-28,2017-11-28
1428,2017,11,29,10,7,94,0,0,14,4,2017-11-29,2017-11-29
1429,2017,11,30,13,11,87,0,0,12,5,2017-11-30,2017-11-30
1430,2017,12,01,11,14,90,0,0,17,6,2017-12-01,2017-12-01
1431,2017,12,02,11,6,97,0,0,10,3,2017-12-02,2017-12-02
1432,2017,12,03,11,6,45,0,0,11,0,2017-12-03,2017-12-03
1433,2017,12,04,10,7,90,0,0,11,3,2017-12-04,2017-12-04
1434,2017,12,05,13,12,116,0,0,12,3,2017-12-05,2017-12-05
1435,2017,12,06,10,14,88,0,0,3,4,2017-12-06,2017-12-06
1436,2017,12,07,10,10,89,0,0,18,3,2017-12-07,2017-12-07
1437,2017,12,08,7,11,56,0,0,4,2,2017-12-08,2017-12-08
1438,2017,12,09,13,8,86,0,0,10,4,2017-12-09,2017-12-09
1439,2017,12,10,3,5,49,0,0,13,3,2017-12-10,2017-12-10
1440,2017,12,11,17,13,104,0,0,10,2,2017-12-11,2017-12-11
1441,2017,12,12,5,7,97,0,0,8,6,2017-12-12,2017-12-12
1442,2017,12,13,11,5,72,0,0,7,3,2017-12-13,2017-12-13
1443,2017,12,14,6,15,75,0,0,7,3,2017-12-14,2017-12-14
1444,2017,12,15,11,8,105,0,0,10,5,2017-12-15,2017-12-15
1445,2017,12,16,14,13,75,0,0,11,2,2017-12-16,2017-12-16
1446,2017,12,17,10,10,62,0,0,8,1,2017-12-17,2017-12-17
1447,2017,12,18,14,13,94,0,0,14,1,2017-12-18,2017-12-18
1448,2017,12,19,12,3,101,0,0,13,5,2017-12-19,2017-12-19
1449,2017,12,20,13,16,99,0,0,12,1,2017-12-20,2017-12-20
1450,2017,12,21,6,13,94,0,0,11,3,2017-12-21,2017-12-21
1451,2017,12,22,9,11,113,0,0,10,3,2017-12-22,2017-12-22
1452,2017,12,23,12,11,105,0,0,11,5,2017-12-23,2017-12-23
1453,2017,12,24,17,4,47,0,0,11,5,2017-12-24,2017-12-24
1454,2017,12,25,9,9,35,0,0,8,6,2017-12-25,2017-12-25
1455,2017,12,26,11,5,75,0,0,17,2,2017-12-26,2017-12-26
1456,2017,12,27,7,15,56,0,0,8,3,2017-12-27,2017-12-27
1457,2017,12,28,8,12,76,0,0,12,2,2017-12-28,2017-12-28
1458,2017,12,29,9,18,68,0,0,17,2,2017-12-29,2017-12-29
1459,2017,12,30,12,9,53,0,0,6,2,2017-12-30,2017-12-30
1460,2017,12,31,9,9,35,0,0,12,4,2017-12-31,2017-12-31
1461,2018,01,01,8,7,36,0,0,11,1,2018-01-01,2018-01-01
1462,2018,01,02,8,11,63,0,0,15,6,2018-01-02,2018-01-02
1463,2018,01,03,14,4,73,0,0,7,4,2018-01-03,2018-01-03
1464,2018,01,04,8,12,58,0,0,12,2,2018-01-04,2018-01-04
1465,2018,01,05,10,11,41,0,0,21,1,2018-01-05,2018-01-05
1466,2018,01,06,11,8,55,0,0,8,0,2018-01-06,2018-01-06
1467,2018,01,07,5,4,29,0,0,5,2,2018-01-07,2018-01-07
1468,2018,01,08,3,5,22,0,0,6,2,2018-01-08,2018-01-08
1469,2018,01,09,3,14,63,0,0,13,3,2018-01-09,2018-01-09
1470,2018,01,10,9,11,75,0,0,15,1,2018-01-10,2018-01-10
1471,2018,01,11,7,6,61,0,0,15,4,2018-01-11,2018-01-11
1472,2018,01,12,12,8,66,0,0,9,0,2018-01-12,2018-01-12
1473,2018,01,13,5,5,44,0,0,9,2,2018-01-13,2018-01-13
1474,2018,01,14,2,5,37,0,0,8,2,2018-01-14,2018-01-14
1475,2018,01,15,9,9,80,0,0,10,5,2018-01-15,2018-01-15
1476,2018,01,16,9,6,71,0,0,20,4,2018-01-16,2018-01-16
1477,2018,01,17,10,9,90,0,0,17,7,2018-01-17,2018-01-17
1478,2018,01,18,14,12,74,0,0,12,2,2018-01-18,2018-01-18
1479,2018,01,19,6,12,99,0,0,16,2,2018-01-19,2018-01-19
1480,2018,01,20,11,14,70,0,0,17,3,2018-01-20,2018-01-20
1481,2018,01,21,9,8,52,0,0,8,4,2018-01-21,2018-01-21
1482,2018,01,22,13,7,80,0,0,9,0,2018-01-22,2018-01-22
1483,2018,01,23,10,8,87,0,0,9,0,2018-01-23,2018-01-23
1484,2018,01,24,11,10,75,0,0,12,3,2018-01-24,2018-01-24
1485,2018,01,25,10,7,80,0,0,10,1,2018-01-25,2018-01-25
1486,2018,01,26,7,19,98,0,0,8,4,2018-01-26,2018-01-26
1487,2018,01,27,5,5,78,0,0,8,3,2018-01-27,2018-01-27
1488,2018,01,28,8,10,31,0,0,18,0,2018-01-28,2018-01-28
1489,2018,01,29,9,8,67,0,0,7,0,2018-01-29,2018-01-29
1490,2018,01,30,13,12,71,0,1,5,3,2018-01-30,2018-01-30
1491,2018,01,31,11,7,65,0,0,8,4,2018-01-31,2018-01-31
1492,2018,02,01,5,16,74,0,0,11,2,2018-02-01,2018-02-01
1493,2018,02,02,10,15,124,0,0,12,5,2018-02-02,2018-02-02
1494,2018,02,03,8,6,88,0,0,9,3,2018-02-03,2018-02-03
1495,2018,02,04,9,4,45,0,0,6,2,2018-02-04,2018-02-04
1496,2018,02,05,5,10,86,0,0,14,4,2018-02-05,2018-02-05
1497,2018,02,06,11,8,89,0,0,13,3,2018-02-06,2018-02-06
1498,2018,02,07,14,8,100,0,0,3,2,2018-02-07,2018-02-07
1499,2018,02,08,10,4,87,0,0,11,3,2018-02-08,2018-02-08
1500,2018,02,09,11,8,94,0,0,8,2,2018-02-09,2018-02-09
1501,2018,02,10,10,13,81,0,0,6,1,2018-02-10,2018-02-10
1502,2018,02,11,5,9,39,0,0,3,2,2018-02-11,2018-02-11
1503,2018,02,12,8,18,80,0,0,25,15,2018-02-12,2018-02-12
1504,2018,02,13,10,14,113,0,0,12,4,2018-02-13,2018-02-13
1505,2018,02,14,14,7,93,0,0,11,4,2018-02-14,2018-02-14
1506,2018,02,15,9,9,88,0,0,10,3,2018-02-15,2018-02-15
1507,2018,02,16,11,10,101,0,0,12,2,2018-02-16,2018-02-16
1508,2018,02,17,12,7,97,0,0,11,6,2018-02-17,2018-02-17
1509,2018,02,18,9,9,42,0,0,9,3,2018-02-18,2018-02-18
1510,2018,02,19,8,7,102,0,1,9,1,2018-02-19,2018-02-19
1511,2018,02,20,13,9,87,0,0,5,3,2018-02-20,2018-02-20
1512,2018,02,21,6,17,82,0,0,16,1,2018-02-21,2018-02-21
1513,2018,02,22,13,9,81,0,0,16,6,2018-02-22,2018-02-22
1514,2018,02,23,13,20,102,0,0,4,3,2018-02-23,2018-02-23
1515,2018,02,24,6,9,70,0,0,10,6,2018-02-24,2018-02-24
1516,2018,02,25,4,7,54,0,0,8,3,2018-02-25,2018-02-25
1517,2018,02,26,9,15,82,0,0,10,1,2018-02-26,2018-02-26
1518,2018,02,27,5,4,71,0,0,6,1,2018-02-27,2018-02-27
1519,2018,02,28,9,8,87,0,0,11,2,2018-02-28,2018-02-28
1520,2018,03,01,14,10,93,0,0,11,9,2018-03-01,2018-03-01
1521,2018,03,02,8,5,93,0,0,11,3,2018-03-02,2018-03-02
1522,2018,03,03,15,22,88,0,0,7,4,2018-03-03,2018-03-03
1523,2018,03,04,10,7,51,0,0,4,2,2018-03-04,2018-03-04
1524,2018,03,05,10,17,94,0,0,17,1,2018-03-05,2018-03-05
1525,2018,03,06,10,21,81,0,0,18,2,2018-03-06,2018-03-06
1526,2018,03,07,9,13,67,0,0,7,0,2018-03-07,2018-03-07
1527,2018,03,08,8,11,62,0,0,7,1,2018-03-08,2018-03-08
1528,2018,03,09,8,11,80,0,0,6,6,2018-03-09,2018-03-09
1529,2018,03,10,18,17,79,0,0,10,0,2018-03-10,2018-03-10
1530,2018,03,11,12,7,57,0,0,2,0,2018-03-11,2018-03-11
1531,2018,03,12,14,17,90,0,0,10,1,2018-03-12,2018-03-12
1532,2018,03,13,9,22,69,0,0,18,5,2018-03-13,2018-03-13
1533,2018,03,14,11,16,81,0,0,5,1,2018-03-14,2018-03-14
1534,2018,03,15,16,21,86,0,0,15,7,2018-03-15,2018-03-15
1535,2018,03,16,8,10,96,0,0,12,3,2018-03-16,2018-03-16
1536,2018,03,17,16,12,75,0,0,11,5,2018-03-17,2018-03-17
1537,2018,03,18,8,5,41,0,0,14,1,2018-03-18,2018-03-18
1538,2018,03,19,5,6,40,0,0,10,1,2018-03-19,2018-03-19
1539,2018,03,20,7,20,102,0,0,12,4,2018-03-20,2018-03-20
1540,2018,03,21,13,15,92,0,0,11,0,2018-03-21,2018-03-21
1541,2018,03,22,9,8,79,0,0,9,3,2018-03-22,2018-03-22
1542,2018,03,23,7,11,85,0,0,14,1,2018-03-23,2018-03-23
1543,2018,03,24,9,13,80,0,0,14,6,2018-03-24,2018-03-24
1544,2018,03,25,6,10,46,0,0,6,2,2018-03-25,2018-03-25
1545,2018,03,26,6,15,84,0,0,10,8,2018-03-26,2018-03-26
1546,2018,03,27,9,11,79,0,0,7,5,2018-03-27,2018-03-27
1547,2018,03,28,16,12,71,0,0,7,3,2018-03-28,2018-03-28
1548,2018,03,29,3,10,39,0,0,11,0,2018-03-29,2018-03-29
1549,2018,03,30,7,5,17,0,0,5,1,2018-03-30,2018-03-30
1550,2018,03,31,8,8,44,0,0,10,0,2018-03-31,2018-03-31
1551,2018,04,01,4,5,46,0,0,8,3,2018-04-01,2018-04-01
1552,2018,04,02,9,8,100,0,0,11,4,2018-04-02,2018-04-02
1553,2018,04,03,15,4,83,0,0,14,4,2018-04-03,2018-04-03
1554,2018,04,04,11,16,72,0,0,9,5,2018-04-04,2018-04-04
1555,2018,04,05,13,13,97,0,0,12,1,2018-04-05,2018-04-05
1556,2018,04,06,12,13,99,0,0,10,0,2018-04-06,2018-04-06
1557,2018,04,07,8,6,90,0,0,7,0,2018-04-07,2018-04-07
1558,2018,04,08,10,9,50,0,0,11,4,2018-04-08,2018-04-08
1559,2018,04,09,10,11,92,0,0,11,5,2018-04-09,2018-04-09
1560,2018,04,10,8,15,102,0,0,14,5,2018-04-10,2018-04-10
1561,2018,04,11,8,9,87,0,0,13,2,2018-04-11,2018-04-11
1562,2018,04,12,15,19,69,0,0,14,3,2018-04-12,2018-04-12
1563,2018,04,13,11,11,81,0,0,13,3,2018-04-13,2018-04-13
1564,2018,04,14,12,18,66,0,0,5,4,2018-04-14,2018-04-14
1565,2018,04,15,7,5,38,0,0,5,2,2018-04-15,2018-04-15
1566,2018,04,16,13,15,95,0,0,12,2,2018-04-16,2018-04-16
1567,2018,04,17,9,13,73,0,0,8,3,2018-04-17,2018-04-17
1568,2018,04,18,15,8,79,0,0,6,1,2018-04-18,2018-04-18
1569,2018,04,19,13,8,81,0,0,8,8,2018-04-19,2018-04-19
1570,2018,04,20,16,9,85,0,0,8,1,2018-04-20,2018-04-20
1571,2018,04,21,8,12,83,0,0,6,2,2018-04-21,2018-04-21
1572,2018,04,22,8,8,56,0,0,7,8,2018-04-22,2018-04-22
1573,2018,04,23,16,13,111,0,0,7,3,2018-04-23,2018-04-23
1574,2018,04,24,9,7,52,0,0,7,1,2018-04-24,2018-04-24
1575,2018,04,25,13,7,96,0,0,13,0,2018-04-25,2018-04-25
1576,2018,04,26,5,14,79,0,0,23,7,2018-04-26,2018-04-26
1577,2018,04,27,11,13,95,0,0,7,7,2018-04-27,2018-04-27
1578,2018,04,28,8,9,82,0,0,10,4,2018-04-28,2018-04-28
1579,2018,04,29,5,3,45,0,0,13,1,2018-04-29,2018-04-29
1580,2018,04,30,9,10,78,0,0,12,1,2018-04-30,2018-04-30
1581,2018,05,01,6,9,29,0,0,8,1,2018-05-01,2018-05-01
1582,2018,05,02,14,10,92,0,0,21,4,2018-05-02,2018-05-02
1583,2018,05,03,16,14,83,0,0,17,2,2018-05-03,2018-05-03
1584,2018,05,04,14,14,74,0,0,18,2,2018-05-04,2018-05-04
1585,2018,05,05,9,21,71,0,0,8,0,2018-05-05,2018-05-05
1586,2018,05,06,7,6,41,0,0,6,5,2018-05-06,2018-05-06
1587,2018,05,07,2,20,67,0,0,16,2,2018-05-07,2018-05-07
1588,2018,05,08,17,12,77,0,0,11,5,2018-05-08,2018-05-08
1589,2018,05,09,8,13,79,0,0,13,5,2018-05-09,2018-05-09
1590,2018,05,10,11,16,80,0,0,15,2,2018-05-10,2018-05-10
1591,2018,05,11,12,10,116,0,0,10,4,2018-05-11,2018-05-11
1592,2018,05,12,9,7,95,0,0,10,3,2018-05-12,2018-05-12
1593,2018,05,13,9,14,63,0,0,8,5,2018-05-13,2018-05-13
1594,2018,05,14,9,8,40,0,0,11,3,2018-05-14,2018-05-14
1595,2018,05,15,12,10,97,0,0,15,6,2018-05-15,2018-05-15
1596,2018,05,16,11,7,80,0,0,9,3,2018-05-16,2018-05-16
1597,2018,05,17,9,8,84,0,0,5,3,2018-05-17,2018-05-17
1598,2018,05,18,12,8,99,0,0,5,4,2018-05-18,2018-05-18
1599,2018,05,19,12,7,92,0,0,8,3,2018-05-19,2018-05-19
1600,2018,05,20,3,6,44,0,0,13,4,2018-05-20,2018-05-20
1601,2018,05,21,10,6,79,0,0,10,5,2018-05-21,2018-05-21
1602,2018,05,22,11,15,111,0,0,6,2,2018-05-22,2018-05-22
1603,2018,05,23,10,10,100,0,0,14,6,2018-05-23,2018-05-23
1604,2018,05,24,7,13,82,0,0,13,5,2018-05-24,2018-05-24
1605,2018,05,25,13,13,99,0,0,10,2,2018-05-25,2018-05-25
1606,2018,05,26,13,19,76,0,0,11,3,2018-05-26,2018-05-26
1607,2018,05,27,6,8,54,0,0,6,3,2018-05-27,2018-05-27
1608,2018,05,28,11,12,91,0,0,14,5,2018-05-28,2018-05-28
1609,2018,05,29,6,8,81,0,0,9,5,2018-05-29,2018-05-29
1610,2018,05,30,9,15,88,0,0,12,6,2018-05-30,2018-05-30
1611,2018,05,31,9,7,61,0,0,9,2,2018-05-31,2018-05-31
1612,2018,06,01,9,12,90,0,0,12,5,2018-06-01,2018-06-01
1613,2018,06,02,13,9,87,0,0,19,3,2018-06-02,2018-06-02
1614,2018,06,03,8,8,51,0,0,12,5,2018-06-03,2018-06-03
1615,2018,06,04,5,7,46,0,0,16,3,2018-06-04,2018-06-04
1616,2018,06,05,8,9,83,0,0,12,3,2018-06-05,2018-06-05
1617,2018,06,06,14,6,73,0,0,14,2,2018-06-06,2018-06-06
1618,2018,06,07,8,9,82,0,0,16,3,2018-06-07,2018-06-07
1619,2018,06,08,21,10,82,0,0,14,1,2018-06-08,2018-06-08
1620,2018,06,09,13,10,88,0,0,5,4,2018-06-09,2018-06-09
1621,2018,06,10,7,5,50,0,0,7,2,2018-06-10,2018-06-10
1622,2018,06,11,10,14,43,0,0,9,3,2018-06-11,2018-06-11
1623,2018,06,12,14,10,92,0,0,14,4,2018-06-12,2018-06-12
1624,2018,06,13,13,18,95,0,0,11,6,2018-06-13,2018-06-13
1625,2018,06,14,8,11,72,0,0,16,3,2018-06-14,2018-06-14
1626,2018,06,15,11,10,78,0,0,11,5,2018-06-15,2018-06-15
1627,2018,06,16,12,7,75,0,0,3,5,2018-06-16,2018-06-16
1628,2018,06,17,9,13,52,0,0,8,1,2018-06-17,2018-06-17
1629,2018,06,18,10,6,81,0,0,5,5,2018-06-18,2018-06-18
1630,2018,06,19,10,10,67,0,0,6,1,2018-06-19,2018-06-19
1631,2018,06,20,10,11,84,0,0,10,1,2018-06-20,2018-06-20
1632,2018,06,21,16,7,78,0,0,8,1,2018-06-21,2018-06-21
1633,2018,06,22,14,8,92,0,0,17,6,2018-06-22,2018-06-22
1634,2018,06,23,10,15,96,0,0,17,6,2018-06-23,2018-06-23
1635,2018,06,24,13,7,61,0,0,7,2,2018-06-24,2018-06-24
1636,2018,06,25,12,15,86,0,0,13,3,2018-06-25,2018-06-25
1637,2018,06,26,7,17,56,0,0,10,1,2018-06-26,2018-06-26
1638,2018,06,27,10,8,79,0,0,14,0,2018-06-27,2018-06-27
1639,2018,06,28,9,12,67,0,0,11,6,2018-06-28,2018-06-28
1640,2018,06,29,5,7,72,0,0,15,2,2018-06-29,2018-06-29
1641,2018,06,30,14,10,66,0,0,16,3,2018-06-30,2018-06-30
1642,2018,07,01,2,2,44,0,0,8,4,2018-07-01,2018-07-01
1643,2018,07,02,13,5,42,0,0,12,4,2018-07-02,2018-07-02
1644,2018,07,03,11,13,72,0,0,18,6,2018-07-03,2018-07-03
1645,2018,07,04,13,10,90,0,0,13,1,2018-07-04,2018-07-04
1646,2018,07,05,11,4,65,0,0,12,0,2018-07-05,2018-07-05
1647,2018,07,06,9,8,74,0,0,5,4,2018-07-06,2018-07-06
1648,2018,07,07,10,7,65,0,0,4,4,2018-07-07,2018-07-07
1649,2018,07,08,9,7,28,0,0,9,7,2018-07-08,2018-07-08
1650,2018,07,09,7,15,91,0,0,10,1,2018-07-09,2018-07-09
1651,2018,07,10,3,9,75,0,0,10,1,2018-07-10,2018-07-10
1652,2018,07,11,12,1,94,0,0,9,0,2018-07-11,2018-07-11
1653,2018,07,12,14,5,83,0,0,15,1,2018-07-12,2018-07-12
1654,2018,07,13,14,10,90,0,0,11,4,2018-07-13,2018-07-13
1655,2018,07,14,12,6,74,0,0,16,5,2018-07-14,2018-07-14
1656,2018,07,15,6,9,44,0,0,2,0,2018-07-15,2018-07-15
1657,2018,07,16,12,15,100,0,0,12,2,2018-07-16,2018-07-16
1658,2018,07,17,8,18,90,0,0,8,1,2018-07-17,2018-07-17
1659,2018,07,18,10,12,81,0,0,8,5,2018-07-18,2018-07-18
1660,2018,07,19,10,10,105,0,0,16,3,2018-07-19,2018-07-19
1661,2018,07,20,7,9,48,0,0,6,7,2018-07-20,2018-07-20
1662,2018,07,21,13,10,78,0,0,21,6,2018-07-21,2018-07-21
1663,2018,07,22,4,6,40,0,0,8,4,2018-07-22,2018-07-22
1664,2018,07,23,11,11,102,0,0,13,4,2018-07-23,2018-07-23
1665,2018,07,24,12,15,76,0,0,15,6,2018-07-24,2018-07-24
1666,2018,07,25,7,13,72,0,0,5,2,2018-07-25,2018-07-25
1667,2018,07,26,9,20,84,0,0,18,5,2018-07-26,2018-07-26
1668,2018,07,27,12,17,86,0,0,13,5,2018-07-27,2018-07-27
1669,2018,07,28,9,14,77,0,0,6,4,2018-07-28,2018-07-28
1670,2018,07,29,7,9,41,0,0,11,3,2018-07-29,2018-07-29
1671,2018,07,30,10,13,94,0,0,16,4,2018-07-30,2018-07-30
1672,2018,07,31,12,15,62,0,0,12,5,2018-07-31,2018-07-31
1673,2018,08,01,13,15,80,0,0,10,5,2018-08-01,2018-08-01
1674,2018,08,02,11,10,78,0,0,9,6,2018-08-02,2018-08-02
1675,2018,08,03,8,15,109,0,0,11,1,2018-08-03,2018-08-03
1676,2018,08,04,21,6,103,0,0,9,2,2018-08-04,2018-08-04
1677,2018,08,05,9,5,44,0,0,5,3,2018-08-05,2018-08-05
1678,2018,08,06,11,14,82,0,0,5,3,2018-08-06,2018-08-06
1679,2018,08,07,6,7,46,0,0,10,4,2018-08-07,2018-08-07
1680,2018,08,08,11,6,100,0,0,13,1,2018-08-08,2018-08-08
1681,2018,08,09,9,3,85,0,0,13,2,2018-08-09,2018-08-09
1682,2018,08,10,12,13,100,0,0,10,2,2018-08-10,2018-08-10
1683,2018,08,11,13,17,100,0,0,9,2,2018-08-11,2018-08-11
1684,2018,08,12,9,5,52,0,0,10,1,2018-08-12,2018-08-12
1685,2018,08,13,12,12,91,0,0,13,1,2018-08-13,2018-08-13
1686,2018,08,14,4,12,93,0,0,18,3,2018-08-14,2018-08-14
1687,2018,08,15,14,11,100,0,0,11,7,2018-08-15,2018-08-15
1688,2018,08,16,8,14,96,0,0,11,2,2018-08-16,2018-08-16
1689,2018,08,17,12,19,89,0,0,5,0,2018-08-17,2018-08-17
1690,2018,08,18,12,16,85,0,0,10,1,2018-08-18,2018-08-18
1691,2018,08,19,6,11,42,0,0,4,1,2018-08-19,2018-08-19
1692,2018,08,20,4,12,46,0,0,9,1,2018-08-20,2018-08-20
1693,2018,08,21,10,12,102,0,0,11,0,2018-08-21,2018-08-21
1694,2018,08,22,6,8,86,0,0,7,0,2018-08-22,2018-08-22
1695,2018,08,23,12,6,79,0,0,11,5,2018-08-23,2018-08-23
1696,2018,08,24,10,22,108,0,0,19,8,2018-08-24,2018-08-24
1697,2018,08,25,10,6,80,0,0,8,2,2018-08-25,2018-08-25
1698,2018,08,26,13,5,44,0,0,6,2,2018-08-26,2018-08-26
1699,2018,08,27,15,18,99,0,0,22,2,2018-08-27,2018-08-27
1700,2018,08,28,8,8,74,0,0,6,1,2018-08-28,2018-08-28
1701,2018,08,29,8,11,93,0,1,14,5,2018-08-29,2018-08-29
1702,2018,08,30,8,10,78,0,0,5,4,2018-08-30,2018-08-30
1703,2018,08,31,10,12,83,0,1,7,5,2018-08-31,2018-08-31
1704,2018,09,01,15,7,76,0,0,10,6,2018-09-01,2018-09-01
1705,2018,09,02,11,6,44,0,0,8,1,2018-09-02,2018-09-02
1706,2018,09,03,11,8,81,0,0,9,0,2018-09-03,2018-09-03
1707,2018,09,04,12,16,96,0,0,18,3,2018-09-04,2018-09-04
1708,2018,09,05,8,13,90,0,0,15,3,2018-09-05,2018-09-05
1709,2018,09,06,12,13,84,0,0,5,1,2018-09-06,2018-09-06
1710,2018,09,07,10,7,103,0,0,13,7,2018-09-07,2018-09-07
1711,2018,09,08,13,12,84,0,0,17,4,2018-09-08,2018-09-08
1712,2018,09,09,8,7,52,0,0,5,0,2018-09-09,2018-09-09
1713,2018,09,10,5,10,68,0,0,8,5,2018-09-10,2018-09-10
1714,2018,09,11,14,7,91,0,0,8,2,2018-09-11,2018-09-11
1715,2018,09,12,9,15,80,0,0,13,8,2018-09-12,2018-09-12
1716,2018,09,13,9,9,76,0,0,13,7,2018-09-13,2018-09-13
1717,2018,09,14,13,9,101,0,0,18,1,2018-09-14,2018-09-14
1718,2018,09,15,11,15,91,0,0,8,2,2018-09-15,2018-09-15
1719,2018,09,16,8,7,45,0,0,5,1,2018-09-16,2018-09-16
1720,2018,09,17,12,13,105,0,0,8,1,2018-09-17,2018-09-17
1721,2018,09,18,13,6,88,0,0,12,6,2018-09-18,2018-09-18
1722,2018,09,19,22,10,80,0,0,4,4,2018-09-19,2018-09-19
1723,2018,09,20,6,7,70,0,0,17,3,2018-09-20,2018-09-20
1724,2018,09,21,18,11,91,0,0,6,1,2018-09-21,2018-09-21
1725,2018,09,22,9,17,83,0,0,4,2,2018-09-22,2018-09-22
1726,2018,09,23,6,4,57,0,0,3,2,2018-09-23,2018-09-23
1727,2018,09,24,5,8,68,0,0,19,4,2018-09-24,2018-09-24
1728,2018,09,25,8,1,111,0,0,14,4,2018-09-25,2018-09-25
1729,2018,09,26,6,2,81,0,0,16,6,2018-09-26,2018-09-26
1730,2018,09,27,6,10,102,0,0,17,8,2018-09-27,2018-09-27
1731,2018,09,28,18,4,126,0,0,12,8,2018-09-28,2018-09-28
1732,2018,09,29,10,10,89,0,0,13,2,2018-09-29,2018-09-29
1733,2018,09,30,9,2,39,0,0,4,3,2018-09-30,2018-09-30
1734,2018,10,01,8,10,80,0,0,6,15,2018-10-01,2018-10-01
1735,2018,10,02,6,10,84,0,0,11,8,2018-10-02,2018-10-02
1736,2018,10,03,9,13,88,0,0,7,6,2018-10-03,2018-10-03
1737,2018,10,04,13,11,95,0,0,12,7,2018-10-04,2018-10-04
1738,2018,10,05,12,14,97,0,0,9,4,2018-10-05,2018-10-05
1739,2018,10,06,8,12,76,0,0,9,4,2018-10-06,2018-10-06
1740,2018,10,07,11,2,56,0,0,4,1,2018-10-07,2018-10-07
1741,2018,10,08,5,11,77,0,0,12,5,2018-10-08,2018-10-08
1742,2018,10,09,10,8,94,0,0,8,6,2018-10-09,2018-10-09
1743,2018,10,10,5,13,76,0,0,10,6,2018-10-10,2018-10-10
1744,2018,10,11,10,13,84,0,0,10,2,2018-10-11,2018-10-11
1745,2018,10,12,20,6,104,0,0,8,0,2018-10-12,2018-10-12
1746,2018,10,13,13,4,79,0,0,7,4,2018-10-13,2018-10-13
1747,2018,10,14,5,6,42,0,0,9,4,2018-10-14,2018-10-14
1748,2018,10,15,8,4,39,0,0,7,1,2018-10-15,2018-10-15
1749,2018,10,16,7,12,81,0,1,11,3,2018-10-16,2018-10-16
1750,2018,10,17,8,10,95,0,0,8,2,2018-10-17,2018-10-17
1751,2018,10,18,11,16,73,0,0,14,4,2018-10-18,2018-10-18
1752,2018,10,19,12,15,82,0,0,8,2,2018-10-19,2018-10-19
1753,2018,10,20,6,14,95,0,0,7,3,2018-10-20,2018-10-20
1754,2018,10,21,6,9,45,0,0,4,1,2018-10-21,2018-10-21
1755,2018,10,22,17,9,75,0,0,8,2,2018-10-22,2018-10-22
1756,2018,10,23,10,7,78,0,0,10,2,2018-10-23,2018-10-23
1757,2018,10,24,15,11,83,0,0,12,1,2018-10-24,2018-10-24
1758,2018,10,25,9,9,98,0,0,14,3,2018-10-25,2018-10-25
1759,2018,10,26,12,13,75,0,0,14,9,2018-10-26,2018-10-26
1760,2018,10,27,9,11,81,0,0,12,3,2018-10-27,2018-10-27
1761,2018,10,28,9,5,47,0,0,4,2,2018-10-28,2018-10-28
1762,2018,10,29,10,13,93,0,0,11,3,2018-10-29,2018-10-29
1763,2018,10,30,12,17,107,0,0,22,4,2018-10-30,2018-10-30
1764,2018,10,31,10,7,106,0,0,17,6,2018-10-31,2018-10-31
1765,2018,11,01,15,7,88,0,0,14,3,2018-11-01,2018-11-01
1766,2018,11,02,8,12,92,0,0,10,6,2018-11-02,2018-11-02
1767,2018,11,03,5,11,90,0,0,21,4,2018-11-03,2018-11-03
1768,2018,11,04,9,3,52,0,0,8,1,2018-11-04,2018-11-04
1769,2018,11,05,5,6,49,0,0,4,3,2018-11-05,2018-11-05
1770,2018,11,06,13,7,121,0,0,8,4,2018-11-06,2018-11-06
1771,2018,11,07,10,3,84,0,0,8,2,2018-11-07,2018-11-07
1772,2018,11,08,12,9,81,0,0,8,3,2018-11-08,2018-11-08
1773,2018,11,09,7,11,80,0,0,11,5,2018-11-09,2018-11-09
1774,2018,11,10,6,3,78,0,0,3,5,2018-11-10,2018-11-10
1775,2018,11,11,8,6,45,0,0,3,3,2018-11-11,2018-11-11
1776,2018,11,12,13,10,41,0,0,4,2,2018-11-12,2018-11-12
1777,2018,11,13,10,6,130,0,0,7,3,2018-11-13,2018-11-13
1778,2018,11,14,10,6,90,0,1,7,7,2018-11-14,2018-11-14
1779,2018,11,15,10,10,81,0,0,4,4,2018-11-15,2018-11-15
1780,2018,11,16,9,6,112,0,0,6,1,2018-11-16,2018-11-16
1781,2018,11,17,9,8,90,0,0,8,3,2018-11-17,2018-11-17
1782,2018,11,18,10,5,52,0,0,5,0,2018-11-18,2018-11-18
1783,2018,11,19,12,12,96,0,0,12,4,2018-11-19,2018-11-19
1784,2018,11,20,8,12,103,0,0,8,6,2018-11-20,2018-11-20
1785,2018,11,21,14,10,84,0,0,6,3,2018-11-21,2018-11-21
1786,2018,11,22,4,12,78,0,0,4,1,2018-11-22,2018-11-22
1787,2018,11,23,12,10,94,0,0,11,4,2018-11-23,2018-11-23
1788,2018,11,24,10,7,87,0,0,11,3,2018-11-24,2018-11-24
1789,2018,11,25,6,6,49,0,0,11,1,2018-11-25,2018-11-25
1790,2018,11,26,10,11,78,0,0,15,5,2018-11-26,2018-11-26
1791,2018,11,27,6,12,78,0,0,13,6,2018-11-27,2018-11-27
1792,2018,11,28,11,8,82,0,0,15,0,2018-11-28,2018-11-28
1793,2018,11,29,5,14,67,0,0,6,4,2018-11-29,2018-11-29
1794,2018,11,30,4,6,29,0,0,11,4,2018-11-30,2018-11-30
1795,2018,12,01,10,12,93,0,0,10,1,2018-12-01,2018-12-01
1796,2018,12,02,7,4,55,0,0,7,4,2018-12-02,2018-12-02
1797,2018,12,03,9,11,96,0,0,10,2,2018-12-03,2018-12-03
1798,2018,12,04,7,13,97,0,0,11,6,2018-12-04,2018-12-04
1799,2018,12,05,8,9,103,0,0,7,1,2018-12-05,2018-12-05
1800,2018,12,06,10,8,118,0,0,10,1,2018-12-06,2018-12-06
1801,2018,12,07,10,4,100,0,0,4,4,2018-12-07,2018-12-07
1802,2018,12,08,8,5,54,0,0,4,5,2018-12-08,2018-12-08
1803,2018,12,09,15,6,47,0,0,7,3,2018-12-09,2018-12-09
1804,2018,12,10,8,9,96,0,0,17,2,2018-12-10,2018-12-10
1805,2018,12,11,7,9,91,0,1,10,3,2018-12-11,2018-12-11
1806,2018,12,12,16,13,101,0,0,16,11,2018-12-12,2018-12-12
1807,2018,12,13,7,5,105,0,0,4,5,2018-12-13,2018-12-13
1808,2018,12,14,9,3,89,0,0,5,4,2018-12-14,2018-12-14
1809,2018,12,15,7,8,72,0,0,7,3,2018-12-15,2018-12-15
1810,2018,12,16,16,7,58,0,0,11,2,2018-12-16,2018-12-16
1811,2018,12,17,10,13,73,0,0,13,3,2018-12-17,2018-12-17
1812,2018,12,18,6,8,96,0,0,9,2,2018-12-18,2018-12-18
1813,2018,12,19,18,4,82,0,0,9,3,2018-12-19,2018-12-19
1814,2018,12,20,12,11,98,0,0,10,4,2018-12-20,2018-12-20
1815,2018,12,21,8,5,108,0,0,5,5,2018-12-21,2018-12-21
1816,2018,12,22,12,10,76,0,0,8,7,2018-12-22,2018-12-22
1817,2018,12,23,11,8,65,0,0,5,1,2018-12-23,2018-12-23
1818,2018,12,24,13,7,86,0,0,9,6,2018-12-24,2018-12-24
1819,2018,12,25,17,3,47,0,0,7,2,2018-12-25,2018-12-25
1820,2018,12,26,11,7,84,0,0,6,4,2018-12-26,2018-12-26
1821,2018,12,27,13,3,77,0,0,9,2,2018-12-27,2018-12-27
1822,2018,12,28,6,6,84,0,0,7,1,2018-12-28,2018-12-28
1823,2018,12,29,15,4,59,0,0,7,3,2018-12-29,2018-12-29
1824,2018,12,30,5,7,33,0,0,10,2,2018-12-30,2018-12-30
1825,2018,12,31,8,6,50,0,0,10,2,2018-12-31,2018-12-31
